a,0.6303083896636963,0.5705361366271973,-4.728900826478366e-09,0.5793233513832092,0.5531702637672424,-0.01243344135582447,0.5405781865119934,0.48688971996307373,-0.022858861833810806,0.5246410965919495,0.4185619354248047,-0.03522757813334465,0.5103486776351929,0.3632723093032837,-0.04561014473438263,0.5627484917640686,0.402725487947464,-0.0060896798968315125,0.544301450252533,0.37276509404182434,-0.018098151311278343,0.5580851435661316,0.43322473764419556,-0.01980716735124588,0.5736255645751953,0.48033076524734497,-0.01996115781366825,0.5907312035560608,0.3905125856399536,-0.011595666408538818,0.5706546306610107,0.3677840828895569,-0.03737686946988106,0.5854312777519226,0.44428423047065735,-0.04700759798288345,0.6002001166343689,0.49447309970855713,-0.046511709690093994,0.6197502613067627,0.3874966502189636,-0.018537696450948715,0.600396990776062,0.36864691972732544,-0.04031939432024956,0.6089168190956116,0.44595763087272644,-0.041884053498506546,0.6180252432823181,0.4963953197002411,-0.03706144168972969,0.6509876251220703,0.39284536242485046,-0.027216149494051933,0.6316454410552979,0.3669309616088867,-0.036905437707901,0.6290602684020996,0.4179733097553253,-0.03568998724222183,0.6307326555252075,0.4558899998664856,-0.0319490022957325
a,0.6171585321426392,0.5667209029197693,-4.181234469768924e-09,0.5673474073410034,0.5495444536209106,-0.012359904125332832,0.5291599035263062,0.48325181007385254,-0.022442620247602463,0.5139844417572021,0.41546154022216797,-0.03433040902018547,0.5008388757705688,0.36101603507995605,-0.04432667791843414,0.5514594912528992,0.4037187099456787,-0.006621656473726034,0.5342667698860168,0.37218719720840454,-0.018257422372698784,0.547910749912262,0.43279263377189636,-0.019728953018784523,0.5627980828285217,0.4790225625038147,-0.01983514055609703,0.5792843103408813,0.3918917179107666,-0.011883067898452282,0.5599343776702881,0.3671051263809204,-0.037235453724861145,0.5737988352775574,0.44212180376052856,-0.04684104025363922,0.5882694721221924,0.4907919764518738,-0.04654407501220703,0.6080545783042908,0.38883861899375916,-0.018445555120706558,0.5889297127723694,0.3678034543991089,-0.03997901827096939,0.5963923931121826,0.4436178505420685,-0.04175948351621628,0.6052738428115845,0.4935998320579529,-0.0371907502412796,0.638852596282959,0.393214613199234,-0.026684679090976715,0.619312047958374,0.36693599820137024,-0.03637835383415222,0.6162502765655518,0.41726571321487427,-0.03533957526087761,0.6181180477142334,0.45473721623420715,-0.031805600970983505
a,0.613217830657959,0.5563915371894836,-3.750195709528725e-09,0.5658004283905029,0.5431843400001526,-0.012483836151659489,0.5278807878494263,0.4786960780620575,-0.023860182613134384,0.5126716494560242,0.4145929515361786,-0.037456024438142776,0.5017562508583069,0.3624051809310913,-0.048800136893987656,0.5472323298454285,0.4049037992954254,-0.007221521344035864,0.5305612087249756,0.34953364729881287,-0.019863318651914597,0.5399321913719177,0.40246644616127014,-0.020033380016684532,0.5520719885826111,0.4487197697162628,-0.01899571716785431,0.5754777193069458,0.3971242606639862,-0.013499903492629528,0.5581256151199341,0.34585773944854736,-0.039947476238012314,0.5663474798202515,0.4184379279613495,-0.04709517955780029,0.5774872899055481,0.46655014157295227,-0.044133611023426056,0.6039767861366272,0.3970203995704651,-0.021496819332242012,0.5867629051208496,0.3578212857246399,-0.04441242292523384,0.5905736088752747,0.4320964217185974,-0.043752770870923996,0.5982016324996948,0.4790121614933014,-0.03648345544934273,0.6343098878860474,0.40410858392715454,-0.031359508633613586,0.6157481074333191,0.367514967918396,-0.04199318587779999,0.6119024157524109,0.4172811508178711,-0.039423901587724686,0.6149997711181641,0.4539301097393036,-0.03408731892704964
a,0.6138175129890442,0.5876535177230835,-1.5585224222292027e-09,0.5703843235969543,0.556267499923706,9.58361488301307e-05,0.5371446013450623,0.48055124282836914,-0.007849391549825668,0.5194413661956787,0.41899755597114563,-0.02066090703010559,0.4994089901447296,0.3734097480773926,-0.031681835651397705,0.5488004684448242,0.4118947982788086,0.002072813455015421,0.5327096581459045,0.34835535287857056,-0.013398644514381886,0.5287531614303589,0.38378506898880005,-0.01708342880010605,0.5301562547683716,0.419972687959671,-0.01836094632744789,0.5751675963401794,0.4060174822807312,-0.01170200016349554,0.5512836575508118,0.3643055856227875,-0.03788361698389053,0.5518596172332764,0.43403249979019165,-0.043745554983615875,0.5599244832992554,0.47565293312072754,-0.04120291396975517,0.6007262468338013,0.40909963846206665,-0.026647882536053658,0.576198160648346,0.39398258924484253,-0.049628887325525284,0.5778114795684814,0.4720340371131897,-0.04521692544221878,0.5872082114219666,0.5157042145729065,-0.03631337359547615,0.6269857287406921,0.41985398530960083,-0.04312644898891449,0.6019032597541809,0.4163191616535187,-0.05315009132027626,0.5977543592453003,0.4721224904060364,-0.04764754697680473,0.6034858226776123,0.5049573183059692,-0.04051849618554115
a,0.6160711050033569,0.6156678199768066,-3.1158233770867128e-09,0.5689209699630737,0.5882542729377747,-0.003845668863505125,0.5316905975341797,0.5196496844291687,-0.013484672643244267,0.5106729865074158,0.4660143256187439,-0.02648722007870674,0.4834734797477722,0.43555209040641785,-0.03811236843466759,0.5427775979042053,0.43715429306030273,-0.005941973067820072,0.5210672616958618,0.41628265380859375,-0.021829016506671906,0.5227640271186829,0.4688097834587097,-0.0288688987493515,0.528479814529419,0.51414555311203,-0.03284263610839844,0.5685823559761047,0.4221939146518707,-0.016642699018120766,0.5480318665504456,0.4387928247451782,-0.04095984995365143,0.5575043559074402,0.5092071890830994,-0.050616856664419174,0.5698674917221069,0.5564099550247192,-0.05343208834528923,0.5954301953315735,0.42000463604927063,-0.02795509062707424,0.5757085680961609,0.45245522260665894,-0.047565631568431854,0.583886981010437,0.5224637389183044,-0.047874026000499725,0.593639612197876,0.5666660666465759,-0.04516929015517235,0.6228617429733276,0.4275674819946289,-0.04103542119264603,0.6023847460746765,0.45062312483787537,-0.04913372918963432,0.6035405993461609,0.5032761693000793,-0.046748265624046326,0.6099475622177124,0.536840558052063,-0.04375021532177925
a,0.6184661984443665,0.6196800470352173,-6.29934193696613e-09,0.5725011229515076,0.5982272028923035,-0.012130256742238998,0.5320070385932922,0.532827615737915,-0.023836582899093628,0.5070910453796387,0.48355621099472046,-0.037024542689323425,0.4791209399700165,0.4616566300392151,-0.048580169677734375,0.5489602088928223,0.4445008337497711,-0.01500241830945015,0.5260717868804932,0.4535565972328186,-0.03316667303442955,0.5387505292892456,0.5125476121902466,-0.041070859879255295,0.5515778660774231,0.5515841841697693,-0.04522163048386574,0.574593722820282,0.4286794662475586,-0.021726075559854507,0.5541752576828003,0.4577369689941406,-0.04960854351520538,0.5698416233062744,0.5271905660629272,-0.05997459590435028,0.5841350555419922,0.568913996219635,-0.06261663138866425,0.6013281941413879,0.4271419644355774,-0.029893245548009872,0.5813608169555664,0.4610998332500458,-0.05221598967909813,0.5930310487747192,0.5322306156158447,-0.053059447556734085,0.6027690172195435,0.5742354989051819,-0.04991988092660904,0.6295369863510132,0.4359549582004547,-0.04039115086197853,0.6075837016105652,0.4522041976451874,-0.050596415996551514,0.6099326610565186,0.502689003944397,-0.04952089115977287,0.6156944632530212,0.533941924571991,-0.047058187425136566
a,0.6194452047348022,0.6250442266464233,-5.972856431668561e-09,0.5732802748680115,0.6053725481033325,-0.01184157095849514,0.5337520837783813,0.5377020835876465,-0.022261369973421097,0.5114695429801941,0.48260498046875,-0.03390111029148102,0.4856693148612976,0.4557111859321594,-0.04370556026697159,0.5529711246490479,0.4554242491722107,-0.013654282316565514,0.5287134051322937,0.4556630551815033,-0.027907194569706917,0.545012354850769,0.5154081583023071,-0.03190471976995468,0.5614097714424133,0.5542905330657959,-0.03355233743786812,0.5790995359420776,0.43991339206695557,-0.01891358569264412,0.5559344291687012,0.4545740485191345,-0.043298885226249695,0.5745950937271118,0.5241110324859619,-0.05115356296300888,0.5912433862686157,0.5645982027053833,-0.051769137382507324,0.6066358089447021,0.43634727597236633,-0.02533506229519844,0.5842676758766174,0.45455047488212585,-0.04502543807029724,0.5986225008964539,0.5251221060752869,-0.04489259794354439,0.6111200451850891,0.5663297176361084,-0.0408686138689518,0.6357244253158569,0.44108206033706665,-0.03379536047577858,0.6119332909584045,0.44522619247436523,-0.0417063944041729,0.6147751212120056,0.49596884846687317,-0.0396798774600029,0.6217570304870605,0.5279338359832764,-0.03649785742163658
a,0.6249999403953552,0.6286236643791199,-5.193456331653579e-09,0.5784404277801514,0.6077806353569031,-0.008950702846050262,0.5412796139717102,0.5428347587585449,-0.018659597262740135,0.5226650238037109,0.484977662563324,-0.030586810782551765,0.5009135603904724,0.44878119230270386,-0.0404592901468277,0.5645182132720947,0.46555280685424805,-0.007383409421890974,0.5469768643379211,0.4447108507156372,-0.01954551599919796,0.5592198371887207,0.5022483468055725,-0.021142415702342987,0.5719392895698547,0.5462515950202942,-0.021112110465765,0.59139484167099,0.4547777473926544,-0.014157632365822792,0.5712376832962036,0.44099926948547363,-0.03773205727338791,0.584028422832489,0.5124807953834534,-0.04456625133752823,0.5969132781028748,0.5579097270965576,-0.04322829097509384,0.6192529201507568,0.45363667607307434,-0.022008689120411873,0.5993594527244568,0.4418843686580658,-0.04068232327699661,0.6079086065292358,0.5154591798782349,-0.03915125131607056,0.6166352033615112,0.5603813529014587,-0.033396001905202866,0.6493856906890869,0.4598904550075531,-0.031630534678697586,0.6280342936515808,0.44015634059906006,-0.038136035203933716,0.6268385648727417,0.48957622051239014,-0.03455750644207001,0.6307370662689209,0.5236331820487976,-0.02993260696530342
a,0.6315310597419739,0.6317492723464966,-3.757608890708752e-09,0.5851462483406067,0.6077749729156494,-0.013310123234987259,0.5505516529083252,0.5351324081420898,-0.024706581607460976,0.5356135368347168,0.4710009694099426,-0.037579018622636795,0.5172199010848999,0.4271026849746704,-0.048106905072927475,0.5772569179534912,0.46727287769317627,-0.010101317428052425,0.566563606262207,0.4357738196849823,-0.024227911606431007,0.5752497911453247,0.4941346347332001,-0.02605418488383293,0.5851107239723206,0.537735104560852,-0.025837523862719536,0.6056450009346008,0.46224477887153625,-0.015439484268426895,0.593329906463623,0.4350723624229431,-0.041687171906232834,0.60086590051651,0.5095786452293396,-0.04858921095728874,0.6096257567405701,0.5527074933052063,-0.046262212097644806,0.6334617137908936,0.46546080708503723,-0.022516200318932533,0.6212589740753174,0.43933674693107605,-0.04355664923787117,0.6228451132774353,0.512377917766571,-0.041760608553886414,0.6262724995613098,0.5540956258773804,-0.03486916795372963,0.6626261472702026,0.4756490886211395,-0.03172818198800087,0.6495352983474731,0.4434235095977783,-0.039689939469099045,0.6459635496139526,0.49001434445381165,-0.036225296556949615,0.6468440890312195,0.5207900404930115,-0.031103814020752907
a,0.6346133351325989,0.6304916739463806,-2.7330435692363153e-09,0.5861452221870422,0.6046248078346252,-0.01592187210917473,0.5542676448822021,0.5314108729362488,-0.02593868598341942,0.5426889657974243,0.4627346992492676,-0.03673934563994408,0.5263069868087769,0.4152490496635437,-0.045012351125478745,0.5833708047866821,0.4648328721523285,-0.006344100926071405,0.574543297290802,0.4260893762111664,-0.018897924572229385,0.5820683836936951,0.48497894406318665,-0.019743729382753372,0.5917558670043945,0.5268449187278748,-0.019059037789702415,0.6116518974304199,0.460764080286026,-0.009954500943422318,0.6016861200332642,0.423162043094635,-0.03563741594552994,0.6065501570701599,0.5011060833930969,-0.04323345050215721,0.6138728857040405,0.5422399640083313,-0.040810905396938324,0.6391566395759583,0.4653971195220947,-0.015997376292943954,0.6300672888755798,0.42768096923828125,-0.038302693516016006,0.6285998225212097,0.5028688311576843,-0.03852084279060364,0.6308252215385437,0.5431251525878906,-0.03211171180009842,0.6677206158638,0.47714704275131226,-0.024158312007784843,0.6590781211853027,0.436791330575943,-0.03393577039241791,0.6532539129257202,0.4830722510814667,-0.03244778513908386,0.6523182988166809,0.5120933055877686,-0.0281563401222229
a,0.6316564083099365,0.6240531206130981,-1.4139645010402546e-09,0.5811518430709839,0.6011293530464172,-0.01764668896794319,0.5520761609077454,0.5271609425544739,-0.027172308415174484,0.5460345149040222,0.45430001616477966,-0.03679632022976875,0.5351938605308533,0.4039410948753357,-0.042961906641721725,0.5778608918190002,0.46184438467025757,-0.004993853624910116,0.5674386620521545,0.411385178565979,-0.017635658383369446,0.5739315152168274,0.4709503650665283,-0.017175596207380295,0.5841792225837708,0.5053178668022156,-0.0156349278986454,0.6062085628509521,0.45937836170196533,-0.008104177191853523,0.5938223600387573,0.4088430404663086,-0.03418797627091408,0.5977002382278442,0.4900937080383301,-0.04004184156656265,0.6067337393760681,0.5187989473342896,-0.03560623899102211,0.6331833600997925,0.46400177478790283,-0.014292038977146149,0.6222006678581238,0.4177187979221344,-0.03857886418700218,0.6202753186225891,0.4948270916938782,-0.03758548945188522,0.6270042657852173,0.5255550742149353,-0.029074976220726967,0.6618576645851135,0.47222641110420227,-0.022581376135349274,0.6492588520050049,0.43158969283103943,-0.03360815346240997,0.6430438160896301,0.48227658867836,-0.03123490884900093,0.6471768617630005,0.5073829889297485,-0.025505248457193375
a,0.6256459355354309,0.6160818338394165,-1.692165296773851e-09,0.5769803524017334,0.5914152264595032,-0.015748830512166023,0.5476750135421753,0.5175501704216003,-0.025355949997901917,0.541235089302063,0.4467873275279999,-0.03563624247908592,0.5314421057701111,0.3958037793636322,-0.04270787537097931,0.5742306709289551,0.45531532168388367,-0.005213829688727856,0.5631418228149414,0.40442055463790894,-0.016879474744200706,0.569413959980011,0.4646858870983124,-0.015878425911068916,0.5796864628791809,0.5023679733276367,-0.014164024032652378,0.6015408635139465,0.45201441645622253,-0.00899626687169075,0.5889312028884888,0.4025039076805115,-0.03412283957004547,0.5929182171821594,0.48093757033348083,-0.03992576152086258,0.6020798087120056,0.5124021172523499,-0.035952161997556686,0.6282490491867065,0.456046998500824,-0.015308661386370659,0.6165295839309692,0.412653386592865,-0.03813831880688667,0.6152644753456116,0.4878380596637726,-0.03708372637629509,0.6218808889389038,0.5205667018890381,-0.0291446503251791,0.6568026542663574,0.46501681208610535,-0.023559920489788055,0.6433436274528503,0.42619940638542175,-0.03350239247083664,0.6374739408493042,0.4757293462753296,-0.030894238501787186,0.6412404775619507,0.501835286617279,-0.025403162464499474
a,0.6152196526527405,0.6089975833892822,-3.5329916769910596e-09,0.5709136724472046,0.588319718837738,-0.015156110748648643,0.5413838624954224,0.5128469467163086,-0.026419010013341904,0.5331767797470093,0.4426695704460144,-0.03854158893227577,0.5207942724227905,0.39200127124786377,-0.04759738966822624,0.5607717037200928,0.44215700030326843,-0.009701189585030079,0.5505139231681824,0.38314488530158997,-0.022424401715397835,0.5555022954940796,0.4423227310180664,-0.02177264913916588,0.5634289979934692,0.48504629731178284,-0.020378533750772476,0.5896486043930054,0.441814124584198,-0.014733782969415188,0.5770161151885986,0.388424277305603,-0.04082035645842552,0.5801292657852173,0.4671576917171478,-0.04593534395098686,0.5880336165428162,0.5052483677864075,-0.04154030978679657,0.6171143054962158,0.4490460455417633,-0.02182162180542946,0.6041799783706665,0.4064064025878906,-0.04480433836579323,0.6028280258178711,0.48349878191947937,-0.04214220121502876,0.6082272529602051,0.5216341614723206,-0.03326387330889702,0.646069347858429,0.4616268277168274,-0.03093969076871872,0.6316390037536621,0.4213678538799286,-0.04119621589779854,0.6254613995552063,0.4721798598766327,-0.03750183433294296,0.6278990507125854,0.5029858350753784,-0.03113589808344841
a,0.5911552309989929,0.634629487991333,-2.915203189957083e-09,0.5500150918960571,0.5978639721870422,-0.0019063043873757124,0.5214829444885254,0.5213050842285156,-0.01131471712142229,0.5085259675979614,0.4593569040298462,-0.024915985763072968,0.490334689617157,0.4140883684158325,-0.036803897470235825,0.5373413562774658,0.4466816782951355,-0.0022375776898115873,0.5210071206092834,0.3879343867301941,-0.01743505895137787,0.5139654278755188,0.4283910393714905,-0.021551107987761497,0.5126187205314636,0.4735308289527893,-0.023021996021270752,0.56491619348526,0.4436056613922119,-0.014610765501856804,0.543000340461731,0.41185876727104187,-0.03844822198152542,0.5397569537162781,0.4840865135192871,-0.044719450175762177,0.5445013642311096,0.533939003944397,-0.04333098605275154,0.5919739603996277,0.451761931180954,-0.027934186160564423,0.5666469931602478,0.444646418094635,-0.047922246158123016,0.5645083785057068,0.5197400450706482,-0.04452555626630783,0.5701631903648376,0.5664336681365967,-0.03756995499134064,0.619411289691925,0.46928632259368896,-0.04283204302191734,0.5923886299133301,0.46331727504730225,-0.051011256873607635,0.587204098701477,0.5145830512046814,-0.045826297253370285,0.591873824596405,0.5489826202392578,-0.039659950882196426
a,0.5250669717788696,0.6451157927513123,-4.740002612635408e-09,0.4758566617965698,0.6067414879798889,-0.011303662322461605,0.4388125538825989,0.5368602871894836,-0.02272900566458702,0.41776585578918457,0.4792119562625885,-0.036403607577085495,0.3966972827911377,0.4354298710823059,-0.0479445606470108,0.46567198634147644,0.44513440132141113,-0.007460891734808683,0.4309779405593872,0.4343569874763489,-0.021896813064813614,0.43156808614730835,0.49322980642318726,-0.027571193873882294,0.43904420733451843,0.5365288853645325,-0.03051896020770073,0.49138402938842773,0.4342452883720398,-0.014193583279848099,0.45432546734809875,0.4521286189556122,-0.03773292526602745,0.4646388292312622,0.5262617468833923,-0.0471983477473259,0.4808849096298218,0.5694862604141235,-0.04912610724568367,0.5174242258071899,0.4356776773929596,-0.022731078788638115,0.4817335307598114,0.4645701050758362,-0.04306991770863533,0.4912387430667877,0.533977210521698,-0.04531892389059067,0.5054765343666077,0.5705356597900391,-0.043036967515945435,0.5443539023399353,0.4476219117641449,-0.03329085931181908,0.5115345120429993,0.4634246826171875,-0.042188677936792374,0.5120658278465271,0.5149198174476624,-0.04138452187180519,0.5208006501197815,0.5442072749137878,-0.03900277987122536
a,0.3982001841068268,0.5928689241409302,-5.756114251909139e-09,0.3450803756713867,0.5546877384185791,-0.006636685226112604,0.3073226809501648,0.48575159907341003,-0.014847801998257637,0.28305110335350037,0.4321940243244171,-0.0264253169298172,0.25950735807418823,0.3948466181755066,-0.034790363162755966,0.33497175574302673,0.39977866411209106,0.0032029026187956333,0.29991084337234497,0.39492475986480713,-0.007641942705959082,0.3106575608253479,0.457010418176651,-0.009332510642707348,0.3270401358604431,0.49097931385040283,-0.00977043155580759,0.358011931180954,0.38808998465538025,-0.0061304084956645966,0.3178551197052002,0.392109215259552,-0.027378631755709648,0.33303478360176086,0.46300432085990906,-0.033996690064668655,0.35227781534194946,0.49021533131599426,-0.0331435427069664,0.3841879665851593,0.38718754053115845,-0.01779859885573387,0.34322163462638855,0.39547935128211975,-0.03662176802754402,0.3555491268634796,0.46422621607780457,-0.035629596561193466,0.3740173280239105,0.48962315917015076,-0.030386580154299736,0.41279855370521545,0.3943014144897461,-0.031074801459908485,0.3753818869590759,0.39064860343933105,-0.03776311129331589,0.37588736414909363,0.4380473792552948,-0.03459266945719719,0.38845255970954895,0.45826685428619385,-0.03047207184135914
a,0.34468603134155273,0.6043951511383057,-1.0577894116181596e-09,0.29196062684059143,0.570502519607544,0.030133241787552834,0.2734323740005493,0.5136284828186035,0.041543297469615936,0.260877788066864,0.4682596027851105,0.04284908249974251,0.24972225725650787,0.42885348200798035,0.0452796146273613,0.3054364025592804,0.41987013816833496,0.054335661232471466,0.2526514232158661,0.42268556356430054,0.06249474734067917,0.25687751173973083,0.48125189542770386,0.0668012797832489,0.27579668164253235,0.5161287784576416,0.06748729944229126,0.3134079873561859,0.4092060923576355,0.03184380382299423,0.25275933742523193,0.4201330542564392,0.03008631058037281,0.26128605008125305,0.48699095845222473,0.022902896627783775,0.28220754861831665,0.5186211466789246,0.01894340291619301,0.3188078999519348,0.4039921760559082,0.009663878008723259,0.2577163875102997,0.42039427161216736,0.006002915557473898,0.27130022644996643,0.4915892779827118,0.0010037976317107677,0.2958572804927826,0.5264240503311157,-0.0024290659930557013,0.3240838348865509,0.40429139137268066,-0.010745885781943798,0.27264732122421265,0.42016366124153137,-0.010266818106174469,0.27769696712493896,0.4702841639518738,-0.011029111221432686,0.29560014605522156,0.4956062436103821,-0.012756056152284145
a,0.3528064489364624,0.6192849278450012,-2.1953885376291282e-09,0.30449217557907104,0.5868771076202393,0.04056260734796524,0.2898959219455719,0.53502357006073,0.057283587753772736,0.2787315845489502,0.4954112470149994,0.06232384219765663,0.26928842067718506,0.4683886766433716,0.06843997538089752,0.32795625925064087,0.4354896545410156,0.0681944489479065,0.26768335700035095,0.44830384850502014,0.08118429780006409,0.2673857808113098,0.5037212371826172,0.08723854273557663,0.28487759828567505,0.5389391183853149,0.08856984972953796,0.3307100236415863,0.42717623710632324,0.041791610419750214,0.2641892731189728,0.44429218769073486,0.04526001960039139,0.2690710425376892,0.5084397792816162,0.03899681195616722,0.2888508439064026,0.5371362566947937,0.035110924392938614,0.32753366231918335,0.4247158169746399,0.016205374151468277,0.2630191743373871,0.44724515080451965,0.017620626837015152,0.27421578764915466,0.5158934593200684,0.012507774867117405,0.29890307784080505,0.5466049313545227,0.008142908103764057,0.32227346301078796,0.4281631112098694,-0.0067610410042107105,0.27035215497016907,0.4415985345840454,-0.003126842901110649,0.2744629979133606,0.48897165060043335,-0.003654981730505824,0.29287317395210266,0.512108325958252,-0.005860290955752134
a,0.35305508971214294,0.6450555324554443,-3.4707321461269203e-09,0.3124943971633911,0.6273754239082336,0.005649125203490257,0.2844030261039734,0.5644959211349487,0.005563036538660526,0.26727449893951416,0.5115709900856018,0.0004264148883521557,0.24902185797691345,0.46573606133461,-0.0026663681492209435,0.3029192090034485,0.49499213695526123,0.023845067247748375,0.27049019932746887,0.4721778333187103,0.023650875315070152,0.27703380584716797,0.525213360786438,0.0272931270301342,0.29121139645576477,0.5601215362548828,0.029739851132035255,0.3204638957977295,0.48290082812309265,0.013594568707048893,0.2823609709739685,0.46998831629753113,0.001637039938941598,0.29851049184799194,0.539074718952179,-0.004197015427052975,0.31870684027671814,0.5737098455429077,-0.0024844808503985405,0.34142616391181946,0.472433865070343,0.002680366626009345,0.3005383610725403,0.46646711230278015,-0.00884502474218607,0.31826725602149963,0.5375044941902161,-0.010828656144440174,0.3392578065395355,0.571802020072937,-0.007725539617240429,0.3672410845756531,0.4632229506969452,-0.008230382576584816,0.327112078666687,0.45233720541000366,-0.010248132050037384,0.33195945620536804,0.49839818477630615,-0.008178473450243473,0.3459462523460388,0.5234490036964417,-0.005153597332537174
a,0.3690674304962158,0.66482013463974,-5.791491730633425e-09,0.31909608840942383,0.6534103155136108,-0.004820884205400944,0.2785838842391968,0.5854077935218811,-0.011562028899788857,0.2550390362739563,0.5245958566665649,-0.021477553993463516,0.23172731697559357,0.47903403639793396,-0.02826537936925888,0.2977224290370941,0.495390385389328,0.004751992877572775,0.2618204951286316,0.48150143027305603,-0.0036104570608586073,0.2763494551181793,0.547832727432251,-0.0015336514916270971,0.29614943265914917,0.5837759971618652,0.0005258058081381023,0.320433646440506,0.4826081097126007,-0.004194327164441347,0.2813575863838196,0.4779132306575775,-0.026892034336924553,0.305693119764328,0.556691586971283,-0.03218912333250046,0.32938405871391296,0.5846821665763855,-0.02827751450240612,0.3460920453071594,0.4749147593975067,-0.014651392586529255,0.3064829707145691,0.4733787178993225,-0.03550329431891441,0.32863137125968933,0.5516602396965027,-0.03403591737151146,0.35063159465789795,0.5797731280326843,-0.026541518047451973,0.3761228621006012,0.4695684313774109,-0.026048874482512474,0.3370233476161957,0.457844078540802,-0.033594436943531036,0.34476110339164734,0.5102055668830872,-0.0299824345856905,0.35991790890693665,0.531970739364624,-0.024533942341804504
a,0.397295743227005,0.6642993688583374,-7.774615617961445e-09,0.3423174023628235,0.6429226398468018,-0.008588354103267193,0.29519617557525635,0.5656076073646545,-0.019116058945655823,0.26949402689933777,0.49694371223449707,-0.032730113714933395,0.24555906653404236,0.44450584053993225,-0.043560903519392014,0.31680208444595337,0.4626646041870117,-0.005286280065774918,0.28088173270225525,0.44556939601898193,-0.01732996664941311,0.297551691532135,0.5173771977424622,-0.016772981733083725,0.318145215511322,0.5598596930503845,-0.015386976301670074,0.34522971510887146,0.44629406929016113,-0.014198493212461472,0.3070726990699768,0.4409893751144409,-0.04043540731072426,0.3292316198348999,0.530128538608551,-0.04547572880983353,0.35241517424583435,0.57323157787323,-0.04138300195336342,0.3770117163658142,0.44169047474861145,-0.024555815383791924,0.33980414271354675,0.44187572598457336,-0.046977557241916656,0.3578476905822754,0.5296230316162109,-0.0438615158200264,0.3774470090866089,0.5708633065223694,-0.03557377681136131,0.41379207372665405,0.4446333348751068,-0.03651353344321251,0.3769071698188782,0.4339301288127899,-0.044505514204502106,0.3804212808609009,0.49187082052230835,-0.03994213044643402,0.39234694838523865,0.5219172835350037,-0.03393377363681793
a,0.4558998942375183,0.6239632964134216,-6.945403363545211e-09,0.39500224590301514,0.6114680767059326,-0.015126862563192844,0.3406110107898712,0.5289023518562317,-0.02871529571712017,0.3137906491756439,0.4450618028640747,-0.04488270729780197,0.28884759545326233,0.38300999999046326,-0.05806826427578926,0.3571261167526245,0.41882818937301636,-0.010402279905974865,0.326042115688324,0.3847118318080902,-0.026876429095864296,0.346754789352417,0.4620547294616699,-0.027870504185557365,0.3684753477573395,0.5161117911338806,-0.026798874139785767,0.3907618820667267,0.39876145124435425,-0.018261795863509178,0.3604832589626312,0.37829992175102234,-0.051259227097034454,0.38677674531936646,0.4757591784000397,-0.059945326298475266,0.40956827998161316,0.5281097888946533,-0.05645182356238365,0.42798030376434326,0.39032793045043945,-0.028078928589820862,0.39965975284576416,0.37406277656555176,-0.05613803118467331,0.4186290502548218,0.4717722237110138,-0.05440417677164078,0.43614616990089417,0.5274485349655151,-0.04524897411465645,0.4700814187526703,0.38982823491096497,-0.040238965302705765,0.4412529766559601,0.3562437891960144,-0.05191043019294739,0.44428956508636475,0.4185914695262909,-0.04802675172686577,0.4528575539588928,0.4603748619556427,-0.04131107032299042
a,0.5044118762016296,0.6122374534606934,-5.15716891413831e-09,0.4449194073677063,0.6109981536865234,-0.029691828414797783,0.38514992594718933,0.5324515700340271,-0.04740927740931511,0.3592175841331482,0.4419851303100586,-0.06471504271030426,0.3444494307041168,0.3715954124927521,-0.07914617657661438,0.4032523036003113,0.4133850932121277,-0.020218491554260254,0.38032299280166626,0.372322142124176,-0.037653643637895584,0.40126141905784607,0.45399051904678345,-0.039272602647542953,0.4213506281375885,0.513806164264679,-0.03864293172955513,0.44106557965278625,0.3881675601005554,-0.02081795036792755,0.419996440410614,0.360454261302948,-0.05511073023080826,0.44420117139816284,0.46046555042266846,-0.06612736731767654,0.4641377031803131,0.5161654949188232,-0.0640348270535469,0.47982022166252136,0.37692898511886597,-0.024330541491508484,0.460354745388031,0.35361844301223755,-0.05463719740509987,0.47617340087890625,0.4547286927700043,-0.05633976683020592,0.4891246557235718,0.5125861763954163,-0.04910377040505409,0.5218157768249512,0.37440788745880127,-0.03118251822888851,0.5000816583633423,0.33813172578811646,-0.04549455642700195,0.5052496194839478,0.4097321629524231,-0.0437660738825798,0.5131988525390625,0.4581488370895386,-0.03822679445147514
a,0.6236798167228699,0.6656988263130188,-2.9719535721284274e-09,0.5625166893005371,0.6507367491722107,-0.023382360115647316,0.5129045248031616,0.559637188911438,-0.03653992339968681,0.49813100695610046,0.46148768067359924,-0.05038924887776375,0.4862622618675232,0.39531683921813965,-0.06108739227056503,0.5320585370063782,0.4526121914386749,-0.008535112254321575,0.5240299701690674,0.40465644001960754,-0.023557107895612717,0.536857008934021,0.48335936665534973,-0.025548072531819344,0.5487197041511536,0.5430084466934204,-0.02605554088950157,0.568016767501831,0.4319307208061218,-0.012219088152050972,0.5606803894042969,0.39739087224006653,-0.04226792976260185,0.5726980566978455,0.49374884366989136,-0.05433391034603119,0.5821524858474731,0.5453401207923889,-0.054870132356882095,0.60397869348526,0.4249609112739563,-0.018707871437072754,0.5997212529182434,0.3881729543209076,-0.04474329203367233,0.6053711175918579,0.48263856768608093,-0.04763457179069519,0.60847008228302,0.5372043251991272,-0.04314145818352699,0.642890453338623,0.42811310291290283,-0.028393669053912163,0.6356232166290283,0.37735816836357117,-0.04023529216647148,0.6336228847503662,0.43597206473350525,-0.039860233664512634,0.632012665271759,0.47830528020858765,-0.03673992678523064
a,0.6985073089599609,0.668205976486206,-9.17667097866115e-09,0.6506199836730957,0.6266967058181763,-0.028329262509942055,0.6110938787460327,0.5331041216850281,-0.04701942205429077,0.6065340638160706,0.4473702311515808,-0.06745187193155289,0.6208731532096863,0.39435675740242004,-0.08581654727458954,0.6181796193122864,0.4257301688194275,-0.01886124722659588,0.6288812160491943,0.38095593452453613,-0.04620545357465744,0.6347387433052063,0.4494272768497467,-0.059114959090948105,0.6387403011322021,0.5076783299446106,-0.0661252960562706,0.6549686789512634,0.4104251563549042,-0.025947989895939827,0.6650339961051941,0.38107264041900635,-0.06709536164999008,0.6684163808822632,0.4640742540359497,-0.08593180030584335,0.6714510321617126,0.5166499614715576,-0.09181176126003265,0.6911505460739136,0.4147067070007324,-0.03781132772564888,0.703977644443512,0.3767363429069519,-0.07474996149539948,0.7018327116966248,0.44773992896080017,-0.08377879858016968,0.6995381116867065,0.4973132312297821,-0.08313657343387604,0.7277151346206665,0.4345948398113251,-0.05363285914063454,0.7328600287437439,0.38367295265197754,-0.07658854871988297,0.7307682633399963,0.39691463112831116,-0.08408446609973907,0.7292464375495911,0.403858482837677,-0.08659204840660095
a,0.757538378238678,0.634765625,-5.608186803840454e-09,0.7262349128723145,0.6225169897079468,-0.0896579846739769,0.7003934979438782,0.5337504148483276,-0.13165153563022614,0.7018784284591675,0.438565194606781,-0.15780247747898102,0.7121298909187317,0.3638916015625,-0.1790946125984192,0.6688755750656128,0.41852736473083496,-0.09830690175294876,0.7062214612960815,0.37767666578292847,-0.14875997602939606,0.7301759123802185,0.45180365443229675,-0.16836732625961304,0.7383573055267334,0.5029656887054443,-0.1765274703502655,0.7107125520706177,0.38482457399368286,-0.07192062586545944,0.747361421585083,0.35592859983444214,-0.13851124048233032,0.7677206993103027,0.4780682325363159,-0.15678837895393372,0.7639948129653931,0.5248383283615112,-0.15630964934825897,0.7501753568649292,0.37001702189445496,-0.053754743188619614,0.7888875603675842,0.34685376286506653,-0.11743509769439697,0.7932945489883423,0.46141496300697327,-0.12594708800315857,0.7816811800003052,0.5136857032775879,-0.11766365170478821,0.7853972911834717,0.36488211154937744,-0.04229392483830452,0.8131320476531982,0.34147483110427856,-0.08297884464263916,0.8135938048362732,0.41536104679107666,-0.09315190464258194,0.8031715154647827,0.454899400472641,-0.0919485092163086
a,0.7486754655838013,0.5989515781402588,-5.936887870205965e-09,0.7009547352790833,0.551538348197937,-0.02589123137295246,0.6779753565788269,0.43933263421058655,-0.03806668519973755,0.697047233581543,0.3558475077152252,-0.04962273687124252,0.7255141735076904,0.3274449408054352,-0.05956856533885002,0.7260556221008301,0.34251999855041504,-0.011928003281354904,0.7385101914405823,0.3180549740791321,-0.023152561858296394,0.7339266538619995,0.3987351655960083,-0.026926333084702492,0.7301814556121826,0.46258047223091125,-0.029190683737397194,0.7649087905883789,0.33770331740379333,-0.012439819052815437,0.7756869196891785,0.32614243030548096,-0.031193986535072327,0.7628653645515442,0.4133603274822235,-0.04261242225766182,0.7576076984405518,0.47344619035720825,-0.047685835510492325,0.7988166809082031,0.3512629568576813,-0.016105689108371735,0.8130824565887451,0.3361954689025879,-0.03322916850447655,0.7970349788665771,0.4159696102142334,-0.040085066109895706,0.7868973016738892,0.4724337160587311,-0.042529210448265076,0.8299131989479065,0.37837734818458557,-0.023194432258605957,0.8413735628128052,0.3457944393157959,-0.03209976106882095,0.8298487663269043,0.3959561288356781,-0.034965261816978455,0.8195217847824097,0.4377236068248749,-0.03647249564528465
a,0.6851340532302856,0.6195802092552185,-2.996120462839258e-09,0.6290245056152344,0.5690248608589172,-0.018256880342960358,0.5900986194610596,0.47148218750953674,-0.03170415014028549,0.5758606195449829,0.3829435706138611,-0.04660489410161972,0.5628460049629211,0.31069791316986084,-0.058215297758579254,0.6283589005470276,0.37987974286079407,-0.012638169340789318,0.6006217002868652,0.3314845860004425,-0.02765200100839138,0.6061415672302246,0.4141346514225006,-0.02852560766041279,0.6195188164710999,0.4751550853252411,-0.027469484135508537,0.6645210981369019,0.37433698773384094,-0.016938967630267143,0.6353585124015808,0.3352707028388977,-0.0489286445081234,0.6428414583206177,0.44044750928878784,-0.059381596744060516,0.6562986373901367,0.4982307553291321,-0.057242732495069504,0.7029970288276672,0.3799949884414673,-0.02308012917637825,0.6761272549629211,0.3480434715747833,-0.050395336002111435,0.6777597665786743,0.4490068256855011,-0.05171138048171997,0.6866248846054077,0.5036038160324097,-0.04481511190533638,0.746686577796936,0.39730802178382874,-0.03132237493991852,0.7232535481452942,0.3462868332862854,-0.041845183819532394,0.7121506929397583,0.4083985388278961,-0.03934559226036072,0.7114572525024414,0.4510505497455597,-0.033964015543460846
a,0.6292005181312561,0.5977692604064941,-6.720590750575184e-09,0.5678260326385498,0.5530920028686523,-0.012760032899677753,0.5236111879348755,0.4518132507801056,-0.02514665760099888,0.506559431552887,0.3635455369949341,-0.040539711713790894,0.49200254678726196,0.29140323400497437,-0.052937302738428116,0.5606104731559753,0.352677583694458,-0.005682936869561672,0.5308817625045776,0.30979809165000916,-0.020142892375588417,0.5389013290405273,0.3910333216190338,-0.021002614870667458,0.5541357398033142,0.4531378149986267,-0.01994788832962513,0.5973265767097473,0.3464624583721161,-0.013387314043939114,0.5632307529449463,0.3155739903450012,-0.04588788002729416,0.5781379342079163,0.42095211148262024,-0.05614250525832176,0.5973955392837524,0.48446550965309143,-0.05307737737894058,0.6358473300933838,0.35192620754241943,-0.02263435535132885,0.6020233035087585,0.32640475034713745,-0.04958462342619896,0.6117261052131653,0.4293067455291748,-0.04953751340508461,0.6254756450653076,0.48914772272109985,-0.041329897940158844,0.6792420744895935,0.36738988757133484,-0.03372720256447792,0.6462457180023193,0.3269025385379791,-0.04327889531850815,0.6418297290802002,0.3915049433708191,-0.03930991515517235,0.6467390060424805,0.43595090508461,-0.032624758780002594
a,0.5658957362174988,0.6301552057266235,-7.3041759307557186e-09,0.511527419090271,0.5908222794532776,-0.02551870420575142,0.47299131751060486,0.4925050139427185,-0.043379198759794235,0.45883363485336304,0.406936377286911,-0.06099940836429596,0.44985824823379517,0.3348698914051056,-0.0728326290845871,0.504065990447998,0.37477636337280273,-0.023989355191588402,0.46601396799087524,0.3118443787097931,-0.04387849196791649,0.46883857250213623,0.4019244313240051,-0.04085448756814003,0.48646241426467896,0.4466019570827484,-0.0376596674323082,0.5404833555221558,0.3738606572151184,-0.029979346320033073,0.495945006608963,0.33165866136550903,-0.06677020341157913,0.5019038319587708,0.44254565238952637,-0.06589534133672714,0.5241396427154541,0.4596969485282898,-0.05506182834506035,0.5740850567817688,0.38995662331581116,-0.04013573378324509,0.5317162275314331,0.3672938942909241,-0.07556433975696564,0.5322533249855042,0.46838200092315674,-0.06667252629995346,0.5527098774909973,0.4850933253765106,-0.05070813000202179,0.6101245284080505,0.4140680432319641,-0.053124602884054184,0.5703707337379456,0.4047080874443054,-0.07130454480648041,0.5653769969940186,0.47208234667778015,-0.06533990055322647,0.5822535157203674,0.48222312331199646,-0.05518526956439018
a,0.5592139959335327,0.6296324729919434,-4.494211225392064e-09,0.49907606840133667,0.5948705673217773,-0.003539120079949498,0.456199049949646,0.5125696659088135,-0.01468297466635704,0.439439594745636,0.43460381031036377,-0.03026619553565979,0.4319838881492615,0.36480510234832764,-0.04260723292827606,0.47376158833503723,0.38861480355262756,-0.007924534380435944,0.4390140473842621,0.3256089687347412,-0.033153753727674484,0.42019325494766235,0.36537468433380127,-0.03713551536202431,0.4180353581905365,0.4063667058944702,-0.037196554243564606,0.5052305459976196,0.3733808696269989,-0.02554696798324585,0.45200055837631226,0.36424964666366577,-0.05995471030473709,0.4528624415397644,0.46341824531555176,-0.058129820972681046,0.46949467062950134,0.4983779788017273,-0.04837781935930252,0.5336809158325195,0.382444828748703,-0.04696517810225487,0.4815521538257599,0.41108354926109314,-0.08065646141767502,0.48951369524002075,0.5003094673156738,-0.07033699750900269,0.5095411539077759,0.5162944793701172,-0.0554036945104599,0.5614573955535889,0.40641817450523376,-0.0704512968659401,0.5138348340988159,0.4571950137615204,-0.0889987125992775,0.5181105732917786,0.5172286033630371,-0.08326786011457443,0.535890519618988,0.5175824165344238,-0.0739460214972496
a,0.5598918199539185,0.6363297700881958,-6.636641902701967e-09,0.4975054860115051,0.5942919254302979,0.0019424278289079666,0.4540638327598572,0.5048384666442871,-0.008007115684449673,0.43113455176353455,0.43145129084587097,-0.023309048265218735,0.4032727777957916,0.3677404224872589,-0.03496919944882393,0.4785234332084656,0.3822646737098694,-0.0023593122605234385,0.43633535504341125,0.35623645782470703,-0.018386218696832657,0.44098490476608276,0.4413158595561981,-0.019246438518166542,0.45406830310821533,0.4908185601234436,-0.020117266103625298,0.5077388286590576,0.37210896611213684,-0.021160241216421127,0.45960235595703125,0.39173784852027893,-0.049733471125364304,0.47187742590904236,0.4920693635940552,-0.05141773819923401,0.49117130041122437,0.522988498210907,-0.04761335253715515,0.5361748933792114,0.38247615098953247,-0.04139724001288414,0.48932188749313354,0.42221978306770325,-0.06657718867063522,0.5033391714096069,0.5095689296722412,-0.05916469916701317,0.5235824584960938,0.5314091444015503,-0.049983732402324677,0.5648022294044495,0.40465837717056274,-0.06284599751234055,0.5215902328491211,0.446887344121933,-0.07379470765590668,0.5289303064346313,0.505478024482727,-0.06811629980802536,0.5460113286972046,0.5133633613586426,-0.061986058950424194
a,0.573179304599762,0.6291512250900269,-8.767930381736733e-09,0.5129509568214417,0.5945556163787842,-0.011854085139930248,0.4693530201911926,0.5036073923110962,-0.02467912621796131,0.44691336154937744,0.42750340700149536,-0.0399516224861145,0.4178900122642517,0.37010785937309265,-0.0524025559425354,0.49708569049835205,0.3837302327156067,-0.011751391924917698,0.45755502581596375,0.3864229619503021,-0.03002750501036644,0.46740251779556274,0.4682866036891937,-0.03466698154807091,0.4826887845993042,0.519683301448822,-0.037042971700429916,0.5274673104286194,0.37395140528678894,-0.022158227860927582,0.4863576889038086,0.4022238254547119,-0.054275404661893845,0.5037872195243835,0.4988858103752136,-0.062234219163656235,0.5243209600448608,0.544592559337616,-0.06151433289051056,0.5590482950210571,0.38112902641296387,-0.03454988822340965,0.5191252827644348,0.41560888290405273,-0.06307082623243332,0.5340397357940674,0.5091191530227661,-0.06113713979721069,0.5513541102409363,0.5510171055793762,-0.054263707250356674,0.5935510993003845,0.39966467022895813,-0.049051444977521896,0.5552691221237183,0.4173755347728729,-0.06316883116960526,0.5592166781425476,0.4796708822250366,-0.06042779982089996,0.5716817378997803,0.5073016285896301,-0.05548464134335518
a,0.5779195427894592,0.6268189549446106,-9.157363756173709e-09,0.5193107724189758,0.5902995467185974,-0.012428137473762035,0.4768649637699127,0.4988887906074524,-0.02518637664616108,0.45564013719558716,0.4212609827518463,-0.04021686315536499,0.4303399324417114,0.3607575297355652,-0.05238989368081093,0.505915641784668,0.38302138447761536,-0.011395086534321308,0.4652571678161621,0.3843507468700409,-0.028215831145644188,0.476370632648468,0.4663388133049011,-0.031515561044216156,0.4935092628002167,0.5177896022796631,-0.03271797299385071,0.5367358326911926,0.37452948093414307,-0.02047058753669262,0.4952112138271332,0.395073801279068,-0.05175839737057686,0.5136569142341614,0.4921245574951172,-0.05927247926592827,0.5351730585098267,0.5402814149856567,-0.05757061392068863,0.5689874291419983,0.3807474970817566,-0.03145420551300049,0.5288234353065491,0.4065530002117157,-0.05939231812953949,0.5437243580818176,0.5011441111564636,-0.05754978582262993,0.5615500807762146,0.5458787083625793,-0.050157174468040466,0.6043558716773987,0.3972621560096741,-0.04440837725996971,0.56507408618927,0.4066110849380493,-0.057754166424274445,0.5677617788314819,0.47020813822746277,-0.05466792732477188,0.579797089099884,0.501380205154419,-0.04920779913663864
a,0.5878421664237976,0.6182578206062317,-7.976661109410088e-09,0.5318471193313599,0.5832898020744324,-0.014771307818591595,0.49044010043144226,0.4959046542644501,-0.02711179479956627,0.4723377823829651,0.4185240566730499,-0.041176944971084595,0.455008327960968,0.35438162088394165,-0.05286022648215294,0.5222721099853516,0.38982093334198,-0.010725494474172592,0.48922494053840637,0.38384369015693665,-0.024102037772536278,0.5033245086669922,0.46074286103248596,-0.026752641424536705,0.5210974216461182,0.5093594193458557,-0.02785489894449711,0.5540044903755188,0.3815527856349945,-0.01643727906048298,0.5195910930633545,0.3876265287399292,-0.043203216046094894,0.5367149710655212,0.479017049074173,-0.05201311782002449,0.5557907223701477,0.5307454466819763,-0.05205083638429642,0.5865899324417114,0.3865119218826294,-0.023783912882208824,0.5530471205711365,0.3937005400657654,-0.047205254435539246,0.5653679966926575,0.4843924641609192,-0.04757998138666153,0.5796923041343689,0.5343854427337646,-0.042695753276348114,0.6221637725830078,0.4004802703857422,-0.033169373869895935,0.5882055759429932,0.3932860791683197,-0.043447088450193405,0.5889471173286438,0.453899085521698,-0.0412929505109787,0.5973909497261047,0.4905751645565033,-0.03734460100531578
a,0.6097104549407959,0.6247866153717041,-7.759857645339707e-09,0.5564113259315491,0.5955116152763367,-0.01861279085278511,0.5122391581535339,0.5047306418418884,-0.03395722433924675,0.49330443143844604,0.4243887960910797,-0.05029471591114998,0.4732041358947754,0.36356204748153687,-0.06446195393800735,0.5454736948013306,0.40623414516448975,-0.01997651718556881,0.5211577415466309,0.39433160424232483,-0.037994250655174255,0.5353966355323792,0.4712434411048889,-0.04213409870862961,0.5516716837882996,0.522942304611206,-0.04342535138130188,0.5787199139595032,0.3990795612335205,-0.025065820664167404,0.5532737970352173,0.39662784337997437,-0.05756199732422829,0.5694948434829712,0.4902311861515045,-0.06688696146011353,0.5860042572021484,0.5470010638237,-0.06588698923587799,0.6126649975776672,0.4044998586177826,-0.03185569867491722,0.5880025029182434,0.39818570017814636,-0.058780379593372345,0.5973878502845764,0.4917283058166504,-0.05750810727477074,0.6070624589920044,0.548703134059906,-0.05053464695811272,0.6492958068847656,0.41935545206069946,-0.04125165194272995,0.623704195022583,0.3935360908508301,-0.053521089255809784,0.623236894607544,0.4555402398109436,-0.0504845455288887,0.6281307935714722,0.4997423589229584,-0.045271337032318115
a,0.6263179779052734,0.6422959566116333,-5.949632342350242e-09,0.5643816590309143,0.6080113053321838,-0.02258194424211979,0.5170479416847229,0.5270450711250305,-0.03985096141695976,0.4946938455104828,0.45040732622146606,-0.05862811207771301,0.4733041524887085,0.3973204493522644,-0.07419215887784958,0.562256395816803,0.4220873713493347,-0.01788177713751793,0.5495396256446838,0.3929421603679657,-0.03909614682197571,0.5580617189407349,0.47189241647720337,-0.04390409588813782,0.568575918674469,0.5264990925788879,-0.04514393210411072,0.5982988476753235,0.41770029067993164,-0.024182168766856194,0.5864542126655579,0.3912240266799927,-0.06191341206431389,0.5918676853179932,0.4908018708229065,-0.0724315270781517,0.5995582938194275,0.5443325638771057,-0.0701611191034317,0.6332427263259888,0.4252494275569916,-0.0336441770195961,0.6217940449714661,0.39946961402893066,-0.06477562338113785,0.6200689077377319,0.4947262406349182,-0.06362595409154892,0.6225045919418335,0.5450330972671509,-0.05479304865002632,0.6692509055137634,0.4435184895992279,-0.04648391157388687,0.6583988666534424,0.40128058195114136,-0.06097607687115669,0.6506912112236023,0.46033531427383423,-0.05854886397719383,0.648844838142395,0.49842047691345215,-0.05266812443733215
b,0.6288478374481201,0.7417498826980591,2.6300237543352978e-09,0.5817323327064514,0.7013750672340393,-0.01729685254395008,0.5544711351394653,0.619895339012146,-0.022776542231440544,0.5760035514831543,0.5535011887550354,-0.029750939458608627,0.6133034229278564,0.540617823600769,-0.036938633769750595,0.5690951347351074,0.5229931473731995,0.002870023949071765,0.5562076568603516,0.44492557644844055,-0.007627027574926615,0.5502237677574158,0.39598965644836426,-0.01897628977894783,0.5469412207603455,0.3527984619140625,-0.027695344761013985,0.5976920127868652,0.5036510825157166,-0.0014607858611270785,0.5850396752357483,0.41367825865745544,-0.00669337110593915,0.5761774182319641,0.3599779009819031,-0.02146165259182453,0.5691210031509399,0.31232237815856934,-0.034519776701927185,0.6254559755325317,0.5063184499740601,-0.010295787826180458,0.6174681186676025,0.4239780306816101,-0.018561288714408875,0.6093531250953674,0.37155359983444214,-0.036221567541360855,0.6023634076118469,0.32863813638687134,-0.04976249486207962,0.6552614569664001,0.5299568176269531,-0.022099420428276062,0.6515920162200928,0.45938053727149963,-0.03199660778045654,0.6467618346214294,0.4158627390861511,-0.04346099868416786,0.6416878700256348,0.3796209394931793,-0.05302303284406662
b,0.6297036409378052,0.7909813523292542,2.569388035666975e-09,0.5836967825889587,0.7469334602355957,-0.018913377076387405,0.5551486611366272,0.661547064781189,-0.024940084666013718,0.5715047717094421,0.5888457894325256,-0.032222993671894073,0.606177568435669,0.5664505362510681,-0.03982071951031685,0.5680243372917175,0.5714482665061951,0.002188799437135458,0.5535017848014832,0.4884323179721832,-0.008755605667829514,0.547918975353241,0.43328022956848145,-0.020770030096173286,0.5455877780914307,0.3836069703102112,-0.0304129458963871,0.5965737700462341,0.5521111488342285,-0.0018707456765696406,0.582657516002655,0.45611870288848877,-0.008109756745398045,0.5752089619636536,0.39461463689804077,-0.024848906323313713,0.5693422555923462,0.3392316699028015,-0.039602965116500854,0.6246002912521362,0.5541506409645081,-0.010509027168154716,0.616477906703949,0.46661102771759033,-0.020480234175920486,0.61018967628479,0.4086998701095581,-0.0405895970761776,0.6047623753547668,0.35960882902145386,-0.05586567893624306,0.6546174883842468,0.5770251154899597,-0.02205912210047245,0.6509190201759338,0.5030702352523804,-0.0337611548602581,0.6469947695732117,0.45738813281059265,-0.047093089669942856,0.6432496309280396,0.4191341996192932,-0.05810319632291794
b,0.6239758729934692,0.7934460043907166,1.4389955893534534e-09,0.5774850845336914,0.7481251955032349,-0.02027699537575245,0.551147997379303,0.662189781665802,-0.027746129781007767,0.57195645570755,0.5920370817184448,-0.03613277152180672,0.6062670350074768,0.572785496711731,-0.04474923387169838,0.5627648234367371,0.569753110408783,-0.0016244833823293447,0.5472250580787659,0.48610973358154297,-0.013929545879364014,0.5406938791275024,0.43158119916915894,-0.026806244626641273,0.5374667644500732,0.3822472393512726,-0.03699330613017082,0.5926249623298645,0.5509626269340515,-0.005313067231327295,0.5800630450248718,0.45512011647224426,-0.012274380773305893,0.5731338858604431,0.3942353129386902,-0.0287936944514513,0.5680501461029053,0.33992302417755127,-0.04358788579702377,0.6212719082832336,0.5548153519630432,-0.013583894819021225,0.6152676343917847,0.4678746163845062,-0.023514598608016968,0.6101151704788208,0.4101100564002991,-0.04293430224061012,0.6055964827537537,0.36128827929496765,-0.05808209627866745,0.6513403058052063,0.580303966999054,-0.02494797483086586,0.6495201587677002,0.5065810084342957,-0.03655485063791275,0.646660566329956,0.4596889615058899,-0.049644649028778076,0.6436485648155212,0.41940242052078247,-0.0606960766017437
b,0.625789999961853,0.7988234758377075,2.3217838762690235e-09,0.5790836811065674,0.743843138217926,-0.01699528656899929,0.5550608038902283,0.653070330619812,-0.02370801381766796,0.5789508819580078,0.5856978297233582,-0.032079603523015976,0.6149764060974121,0.5743077993392944,-0.040817879140377045,0.5708614587783813,0.5657607316970825,-0.0007331783417612314,0.5533542633056641,0.48561856150627136,-0.013857653364539146,0.5439381003379822,0.43361926078796387,-0.027210690081119537,0.5377857089042664,0.3870258927345276,-0.03757119178771973,0.6008859276771545,0.5512610673904419,-0.006646455265581608,0.5895529985427856,0.4583929777145386,-0.014377999119460583,0.5819058418273926,0.400124728679657,-0.03091597557067871,0.5763040781021118,0.34754544496536255,-0.04565533623099327,0.6295969486236572,0.5589210987091064,-0.016849564388394356,0.6237801313400269,0.47536367177963257,-0.026939429342746735,0.6155864000320435,0.4183577299118042,-0.046082399785518646,0.6085497736930847,0.3689149022102356,-0.06124093756079674,0.6601876616477966,0.5879377126693726,-0.029947495087981224,0.6598150730133057,0.5161882638931274,-0.04116839915513992,0.655026376247406,0.47043490409851074,-0.053666360676288605,0.6499444246292114,0.43075448274612427,-0.06451212614774704
b,0.6247149705886841,0.7848471403121948,2.3580903896203154e-09,0.5787264704704285,0.7301645278930664,-0.01576909050345421,0.5577616095542908,0.6428452134132385,-0.019283346831798553,0.5832058787345886,0.5757191777229309,-0.02499188482761383,0.6161083579063416,0.5645666122436523,-0.03043193742632866,0.5739919543266296,0.5566130876541138,0.014973867684602737,0.5576431751251221,0.4887496829032898,0.006875793449580669,0.5464646816253662,0.4481903612613678,-0.004537938162684441,0.5373213887214661,0.41445088386535645,-0.01362919993698597,0.6028844118118286,0.541285514831543,0.00939329992979765,0.5948358774185181,0.4631403684616089,0.0052116126753389835,0.5869882702827454,0.41748982667922974,-0.011956823989748955,0.5785126686096191,0.3805578351020813,-0.02639053575694561,0.6303473711013794,0.547796368598938,-0.001463392749428749,0.6267309784889221,0.4763343036174774,-0.011268159374594688,0.6179091334342957,0.4315482974052429,-0.03268134593963623,0.6078898310661316,0.3992193937301636,-0.04807056486606598,0.6600614786148071,0.5763874053955078,-0.015026412904262543,0.6611642241477966,0.5069491863250732,-0.0267803855240345,0.6536251902580261,0.47263920307159424,-0.0403466671705246,0.6440432667732239,0.452491819858551,-0.05099382996559143
b,0.6237514615058899,0.7705399990081787,1.5004376630045613e-09,0.5784772634506226,0.7240365743637085,-0.021417323499917984,0.5540735125541687,0.6381316781044006,-0.028799006715416908,0.5797297358512878,0.5717108845710754,-0.036687739193439484,0.6153964400291443,0.5587265491485596,-0.044650670140981674,0.5654675960540771,0.5484633445739746,-0.0014818970812484622,0.5473856329917908,0.46712401509284973,-0.012598568573594093,0.5367389917373657,0.4166378378868103,-0.024901719763875008,0.5293033123016357,0.37244322896003723,-0.034788649529218674,0.5970751643180847,0.5303349494934082,-0.004025707021355629,0.5849031209945679,0.43728622794151306,-0.009845982305705547,0.5755175948143005,0.3800341784954071,-0.02629080042243004,0.5677886605262756,0.3303900957107544,-0.041048306971788406,0.6268705725669861,0.5351889133453369,-0.011264395900070667,0.6210137009620667,0.45130598545074463,-0.020476462319493294,0.6132987141609192,0.3945796489715576,-0.041240327060222626,0.6054389476776123,0.3470815122127533,-0.0574205219745636,0.6578719019889832,0.5614045858383179,-0.021535759791731834,0.6572302579879761,0.4902088940143585,-0.03308308124542236,0.6532715559005737,0.4444305896759033,-0.04725348576903343,0.6484231948852539,0.40541374683380127,-0.059175554662942886
b,0.6185409426689148,0.7813574075698853,1.3409051646817716e-09,0.5714872479438782,0.7343010306358337,-0.0184787530452013,0.5427484512329102,0.6471251249313354,-0.024360641837120056,0.5564055442810059,0.5731216669082642,-0.031551409512758255,0.5899843573570251,0.5535930395126343,-0.0390673503279686,0.5643084049224854,0.5496643781661987,0.0017699188319966197,0.5507059693336487,0.4671384394168854,-0.009119734168052673,0.544922947883606,0.4134133458137512,-0.020990779623389244,0.5419138073921204,0.3663419783115387,-0.030333256348967552,0.5951508283615112,0.5336632132530212,-0.0022216143552213907,0.5857526659965515,0.4362053871154785,-0.009119245223701,0.58051997423172,0.37390100955963135,-0.025840597227215767,0.5771134495735168,0.31979072093963623,-0.04016190394759178,0.6249029040336609,0.5400509834289551,-0.010481300763785839,0.6216298937797546,0.4520876407623291,-0.020476538687944412,0.6169096827507019,0.3937455117702484,-0.039653465151786804,0.6132121086120605,0.34600013494491577,-0.05397413298487663,0.6562236547470093,0.5678369402885437,-0.021680457517504692,0.6592522263526917,0.4949720501899719,-0.033004485070705414,0.6577206254005432,0.4484042525291443,-0.045334141701459885,0.6556540727615356,0.408822238445282,-0.05531740188598633
b,0.6177504658699036,0.7815061211585999,3.17254278403567e-10,0.5704109072685242,0.7360007166862488,-0.017329644411802292,0.5424512028694153,0.6547513604164124,-0.025296878069639206,0.5459725260734558,0.5776181817054749,-0.03502744808793068,0.5667091608047485,0.5358870625495911,-0.04532470181584358,0.5710543394088745,0.5495787262916565,0.0012242873199284077,0.5582917332649231,0.4648473858833313,-0.010321957990527153,0.5514937043190002,0.4111393094062805,-0.022562649101018906,0.5469873547554016,0.3632763624191284,-0.032142654061317444,0.6007956266403198,0.5365718007087708,-0.0035711012315005064,0.5921362638473511,0.43626242876052856,-0.012800619006156921,0.5864120721817017,0.37377744913101196,-0.030188364908099174,0.5816429257392883,0.3195344805717468,-0.04443733021616936,0.629859209060669,0.5438515543937683,-0.01216739509254694,0.627005398273468,0.450982004404068,-0.023680374026298523,0.6226401329040527,0.39388078451156616,-0.041914455592632294,0.6185502409934998,0.347028911113739,-0.05525157228112221,0.6606061458587646,0.570187509059906,-0.023499347269535065,0.6656438112258911,0.4960957169532776,-0.03514818102121353,0.6647958159446716,0.45027753710746765,-0.04659644514322281,0.6620389819145203,0.4097617268562317,-0.05568726360797882
b,0.615372896194458,0.7903913855552673,5.970328120774582e-10,0.5694931745529175,0.7407814860343933,-0.013332339935004711,0.5434456467628479,0.656072735786438,-0.019977012649178505,0.5470657348632812,0.5801029801368713,-0.029524996876716614,0.568813681602478,0.542286217212677,-0.03980885073542595,0.5767781734466553,0.5491964221000671,0.005606118123978376,0.569695234298706,0.46682608127593994,-0.006409243680536747,0.5634366273880005,0.41690540313720703,-0.018748098984360695,0.5578858256340027,0.3762192130088806,-0.028086798265576363,0.60529625415802,0.540579617023468,-0.0022910339757800102,0.6024118065834045,0.44295889139175415,-0.012723365798592567,0.5967550277709961,0.38540583848953247,-0.030612122267484665,0.5908399224281311,0.33729714155197144,-0.04463312029838562,0.6328400373458862,0.5517803430557251,-0.014030084945261478,0.6328058838844299,0.459026038646698,-0.02691754698753357,0.6275213360786438,0.401520699262619,-0.04561590775847435,0.6218880414962769,0.3546566069126129,-0.058924488723278046,0.6621159315109253,0.5821455717086792,-0.028281396254897118,0.667635977268219,0.5079924464225769,-0.04113207384943962,0.6655430793762207,0.4592743515968323,-0.05305669084191322,0.6614047288894653,0.41550469398498535,-0.06231836602091789
b,0.6205912232398987,0.8009426593780518,5.957416782109703e-10,0.5740900635719299,0.755321741104126,-0.021548468619585037,0.5448329448699951,0.6660759449005127,-0.02717677317559719,0.5559969544410706,0.5914217829704285,-0.03412650525569916,0.588367223739624,0.5737119317054749,-0.04135255515575409,0.574921190738678,0.5570067763328552,0.007433239836245775,0.5706508159637451,0.4844411313533783,-0.0029509318992495537,0.5667582154273987,0.4442863464355469,-0.014353908598423004,0.563010036945343,0.4149012267589569,-0.022559933364391327,0.6058197617530823,0.5444228053092957,0.004441550932824612,0.6045683026313782,0.4573541283607483,-0.0029187260661274195,0.6003978848457336,0.40974605083465576,-0.021056311205029488,0.5949996709823608,0.3724951148033142,-0.03501284494996071,0.6336193680763245,0.5541725158691406,-0.004036747384816408,0.6328843832015991,0.47105884552001953,-0.01609000377357006,0.6277841329574585,0.4205748438835144,-0.03803108260035515,0.6213725209236145,0.38027718663215637,-0.05293310806155205,0.6625369191169739,0.5852405428886414,-0.01572805643081665,0.665377676486969,0.5136615633964539,-0.029140472412109375,0.6627490520477295,0.4680243134498596,-0.04346538707613945,0.6579224467277527,0.42926982045173645,-0.05403416231274605
b,0.6196095943450928,0.792885422706604,8.75185479642937e-10,0.5735700726509094,0.7454216480255127,-0.017539162188768387,0.5488654971122742,0.6561141610145569,-0.022385600954294205,0.5700127482414246,0.591064453125,-0.029009351506829262,0.6043106317520142,0.5842452645301819,-0.035835132002830505,0.5723657608032227,0.5518587231636047,0.005573971662670374,0.5643993020057678,0.4805349111557007,-0.0058603109791874886,0.5587007999420166,0.44017931818962097,-0.01704481802880764,0.5540299415588379,0.4086740016937256,-0.02507060579955578,0.6030631065368652,0.5361631512641907,0.00023635479738004506,0.5991473197937012,0.4478122889995575,-0.006853162776678801,0.5939041376113892,0.4001845121383667,-0.022528287023305893,0.5882708430290222,0.3590191602706909,-0.03537528216838837,0.6305022835731506,0.5451384782791138,-0.010258913040161133,0.6277608275413513,0.4621814787387848,-0.02120177447795868,0.621860921382904,0.4099191427230835,-0.04074791446328163,0.6150376796722412,0.36620062589645386,-0.05473242327570915,0.6591174602508545,0.5777456760406494,-0.02369776740670204,0.661676287651062,0.5053268671035767,-0.03614189103245735,0.6598852872848511,0.45865997672080994,-0.049210529774427414,0.6559008359909058,0.4179254174232483,-0.05932976305484772
b,0.6197015643119812,0.7901253700256348,1.001322247340397e-09,0.5753039121627808,0.7432011961936951,-0.015546389855444431,0.5525110960006714,0.6563485860824585,-0.021376775577664375,0.5763788819313049,0.5934569239616394,-0.029381038621068,0.6137214303016663,0.5870723724365234,-0.03759666532278061,0.5709339380264282,0.5539898872375488,0.0033296667970716953,0.5599201917648315,0.48022621870040894,-0.009418259374797344,0.5516077280044556,0.43850815296173096,-0.021619226783514023,0.5450880527496338,0.40601348876953125,-0.030610190704464912,0.600337564945221,0.5370981693267822,-0.0036451956257224083,0.5956180691719055,0.44438114762306213,-0.011862300336360931,0.5894256830215454,0.39207252860069275,-0.02831762097775936,0.5829553008079529,0.34705400466918945,-0.04222932085394859,0.627102255821228,0.5451750159263611,-0.015313512645661831,0.6240922808647156,0.45795345306396484,-0.026550590991973877,0.6174954771995544,0.400820255279541,-0.04618525505065918,0.6101159453392029,0.35423338413238525,-0.06086492910981178,0.6556218266487122,0.5765630602836609,-0.02970074862241745,0.6586200594902039,0.5023200511932373,-0.04234519600868225,0.6575348377227783,0.4534711241722107,-0.055348072201013565,0.6542860865592957,0.41179168224334717,-0.06589887291193008
b,0.6233357191085815,0.8022259473800659,2.096232520898411e-09,0.5810431838035583,0.7470244765281677,-0.016310138627886772,0.5625891089439392,0.6583919525146484,-0.02235490456223488,0.5894694924354553,0.6011101007461548,-0.030755378305912018,0.6233956813812256,0.5962643623352051,-0.03918205201625824,0.5861577391624451,0.5565313696861267,0.007676904089748859,0.5821517705917358,0.4875531494617462,-0.0043440042063593864,0.5772405862808228,0.4499819874763489,-0.0163847878575325,0.5708714723587036,0.42360997200012207,-0.02476201206445694,0.6140367388725281,0.5483512282371521,0.0013675005175173283,0.6125395894050598,0.4692319631576538,-0.007212046068161726,0.6049203872680664,0.4303908050060272,-0.023118112236261368,0.5944792628288269,0.4005610942840576,-0.03562268987298012,0.6392691731452942,0.5619415044784546,-0.010231130756437778,0.6402201652526855,0.48899662494659424,-0.023072445765137672,0.6325653791427612,0.44560104608535767,-0.042137857526540756,0.6209364533424377,0.4128252863883972,-0.05509854480624199,0.665061354637146,0.5975326299667358,-0.024783296510577202,0.6684346199035645,0.5281398892402649,-0.037813346832990646,0.6622188091278076,0.48995548486709595,-0.050291720777750015,0.6512887477874756,0.46261996030807495,-0.05979946628212929
b,0.6322900056838989,0.7918806076049805,1.1379061581884287e-10,0.586877703666687,0.7512623071670532,-0.027982795611023903,0.5579866170883179,0.6706097722053528,-0.040660519152879715,0.5784044861793518,0.6046334505081177,-0.05327143520116806,0.6160296201705933,0.5922501683235168,-0.06622824817895889,0.5755863785743713,0.552914559841156,-0.013977938331663609,0.5608364343643188,0.4636644124984741,-0.03008429892361164,0.5546813607215881,0.408270001411438,-0.04517754539847374,0.5518538355827332,0.35832446813583374,-0.05669906735420227,0.6086097359657288,0.5372227430343628,-0.015695691108703613,0.6016706824302673,0.4357525110244751,-0.02635115198791027,0.5988253355026245,0.3738357424736023,-0.04443056881427765,0.5978353023529053,0.3184186518192291,-0.059957705438137054,0.6383930444717407,0.5474691390991211,-0.022256819531321526,0.6388230919837952,0.4586825966835022,-0.03517916426062584,0.6371839046478271,0.39929795265197754,-0.05596005916595459,0.6357754468917847,0.3483327031135559,-0.07149676233530045,0.6680201888084412,0.5809829831123352,-0.0324871800839901,0.6728640198707581,0.5074474811553955,-0.04623400419950485,0.6747363805770874,0.46221843361854553,-0.05994204059243202,0.6762695908546448,0.42308303713798523,-0.07105638086795807
b,0.6302900314331055,0.7822259664535522,4.2628714447268123e-10,0.585532546043396,0.7400571703910828,-0.02580423653125763,0.5565748810768127,0.6612974405288696,-0.037021905183792114,0.572655439376831,0.5923252701759338,-0.04891018196940422,0.6067448854446411,0.5698400735855103,-0.06106891855597496,0.5763998031616211,0.5434874892234802,-0.005311474669724703,0.5660832524299622,0.45649728178977966,-0.01887190155684948,0.5628629922866821,0.403041273355484,-0.032765984535217285,0.5624547004699707,0.3544605076313019,-0.04347332939505577,0.6074140667915344,0.5291811227798462,-0.007647703401744366,0.5987132787704468,0.4318233132362366,-0.01641632616519928,0.5943282246589661,0.3731667995452881,-0.034105539321899414,0.5914222002029419,0.32078665494918823,-0.049065422266721725,0.6364420652389526,0.5381574034690857,-0.015149801038205624,0.633694052696228,0.4517044126987457,-0.027147794142365456,0.6305298805236816,0.39570319652557373,-0.04753539338707924,0.627569317817688,0.3487169146537781,-0.06244785711169243,0.6661415696144104,0.5690407156944275,-0.026294691488146782,0.6683638691902161,0.49659696221351624,-0.03915711119771004,0.6682248115539551,0.4530961513519287,-0.052293624728918076,0.6672957539558411,0.41630518436431885,-0.06275147944688797
b,0.6305395364761353,0.7715249061584473,7.099412724365095e-10,0.5870841145515442,0.7312507033348083,-0.02829493209719658,0.5598797798156738,0.6530360579490662,-0.03989719599485397,0.5741895437240601,0.5801246762275696,-0.0515926219522953,0.6044868230819702,0.5450133085250854,-0.06347955018281937,0.5776029229164124,0.5334869027137756,-0.002498205052688718,0.5753320455551147,0.44533854722976685,-0.01512324158102274,0.5790797472000122,0.3934343755245209,-0.028103353455662727,0.5844151377677917,0.3456977605819702,-0.03806108236312866,0.6069713830947876,0.520789384841919,-0.0030618386808782816,0.603532075881958,0.4222643971443176,-0.011046484112739563,0.6039391756057739,0.3648998737335205,-0.028342531993985176,0.6046594381332397,0.313239723443985,-0.042717695236206055,0.634418249130249,0.5309619903564453,-0.009352115914225578,0.6314429640769958,0.4422338604927063,-0.021570883691310883,0.6284979581832886,0.38795042037963867,-0.04186663031578064,0.6253460049629211,0.34010154008865356,-0.05637703090906143,0.6629472970962524,0.5622606873512268,-0.01950865425169468,0.6613719463348389,0.491497278213501,-0.03327896073460579,0.658449113368988,0.4500313699245453,-0.04679534584283829,0.6550453901290894,0.41311198472976685,-0.05707137659192085
b,0.6322025060653687,0.7684204578399658,3.2372918234990777e-10,0.5888542532920837,0.7256836295127869,-0.02458319440484047,0.5622413754463196,0.6461571455001831,-0.034903354942798615,0.5763891935348511,0.5739092826843262,-0.04614691063761711,0.6069583892822266,0.5408815145492554,-0.05773891508579254,0.578801155090332,0.5315062999725342,-0.0002630938251968473,0.576010525226593,0.44563165307044983,-0.013764336705207825,0.5787611603736877,0.39410221576690674,-0.02749675139784813,0.583279550075531,0.34685641527175903,-0.03790230676531792,0.607896089553833,0.5180689692497253,-0.0031255572102963924,0.6039499640464783,0.41991937160491943,-0.012545144185423851,0.6039604544639587,0.361562043428421,-0.03071616217494011,0.6045657396316528,0.3090623617172241,-0.04561597481369972,0.6354771256446838,0.5275833010673523,-0.011437764391303062,0.6322084665298462,0.4393472671508789,-0.024326566606760025,0.6291543245315552,0.3848228454589844,-0.04436895623803139,0.6261125206947327,0.33702337741851807,-0.058763470500707626,0.6644287109375,0.5582773089408875,-0.02341136336326599,0.6619972586631775,0.4867212176322937,-0.0374273806810379,0.6586591005325317,0.4440610408782959,-0.050778526812791824,0.6549946665763855,0.40640297532081604,-0.061034489423036575
b,0.6308960318565369,0.7805725336074829,1.332926963248937e-10,0.588107168674469,0.7382715940475464,-0.020701421424746513,0.5606997013092041,0.6541623473167419,-0.02810615859925747,0.575249195098877,0.5852458477020264,-0.03742821514606476,0.6087873578071594,0.5692163705825806,-0.04714857414364815,0.5833213925361633,0.5363842248916626,0.004992969799786806,0.5811525583267212,0.44959673285484314,-0.0074828495271503925,0.5847882628440857,0.3972589373588562,-0.020592326298356056,0.5906708240509033,0.3499915599822998,-0.030587099492549896,0.611466646194458,0.5261456966400146,-0.0002547682379372418,0.6092447638511658,0.4288487434387207,-0.007985483855009079,0.6111016273498535,0.37048572301864624,-0.02485007420182228,0.6138123273849487,0.31777745485305786,-0.038935039192438126,0.6379395127296448,0.5392317175865173,-0.01109308935701847,0.6369872689247131,0.451488733291626,-0.022389961406588554,0.6360999941825867,0.39712685346603394,-0.041119158267974854,0.6351861953735352,0.34902679920196533,-0.05471111461520195,0.6656873226165771,0.5735623240470886,-0.02564922161400318,0.6649609208106995,0.4985629916191101,-0.03873663395643234,0.6627579927444458,0.45468801259994507,-0.05131177604198456,0.6603866815567017,0.41645610332489014,-0.061053238809108734
b,0.6287251710891724,0.7855671644210815,9.53216283683389e-10,0.5856459736824036,0.7431889176368713,-0.021861491724848747,0.5591065287590027,0.6592921018600464,-0.029935043305158615,0.5769829750061035,0.5943083763122559,-0.03950952738523483,0.6133540272712708,0.586078941822052,-0.04959210753440857,0.5830214619636536,0.5384547710418701,0.0003655989421531558,0.5817228555679321,0.4488707184791565,-0.013079559430480003,0.5856187343597412,0.39578819274902344,-0.026514532044529915,0.5919408798217773,0.34863829612731934,-0.03658232465386391,0.6120120882987976,0.528396487236023,-0.0041871280409395695,0.6105279326438904,0.4286036491394043,-0.012320227921009064,0.6120041012763977,0.3694797158241272,-0.0289413183927536,0.614554226398468,0.31740882992744446,-0.04305727407336235,0.6387217044830322,0.5421876907348633,-0.014114763587713242,0.6378543376922607,0.45100027322769165,-0.02562127448618412,0.6362332701683044,0.39501744508743286,-0.04457908496260643,0.6350613832473755,0.34682077169418335,-0.058536842465400696,0.6662329435348511,0.5776283740997314,-0.027795258909463882,0.6663811802864075,0.502396285533905,-0.04100378230214119,0.664389431476593,0.45776984095573425,-0.05373874306678772,0.6623920798301697,0.419869601726532,-0.06378848850727081
b,0.6297228336334229,0.7938085794448853,1.4058918473836002e-09,0.5863737463951111,0.7509695291519165,-0.019718697294592857,0.5608457922935486,0.6643664836883545,-0.026561662554740906,0.5823767781257629,0.6033095121383667,-0.03522488474845886,0.6208436489105225,0.6045821309089661,-0.04442533850669861,0.5845046639442444,0.5433321595191956,0.0015249211573973298,0.5840674042701721,0.45348063111305237,-0.011738085187971592,0.5880303382873535,0.400979220867157,-0.02496153675019741,0.5939684510231018,0.35530948638916016,-0.03479224443435669,0.6141290664672852,0.5331698060035706,-0.0037691346369683743,0.6140170097351074,0.4330255091190338,-0.01124854851514101,0.6153267621994019,0.37439796328544617,-0.02733781561255455,0.6169992685317993,0.32339322566986084,-0.04121175780892372,0.6408994793891907,0.5475665330886841,-0.014242292381823063,0.6411786079406738,0.45562976598739624,-0.02483859844505787,0.6396114826202393,0.3987990617752075,-0.04342071712017059,0.6376052498817444,0.3505238890647888,-0.057339973747730255,0.6681628823280334,0.584357500076294,-0.028350137174129486,0.6695570349693298,0.5080052018165588,-0.040679361671209335,0.6683226823806763,0.4627017676830292,-0.05296008661389351,0.6660831570625305,0.42459648847579956,-0.06286896020174026
b,0.6303324699401855,0.7975202202796936,5.513898782005811e-10,0.5891247391700745,0.7569526433944702,-0.024084510281682014,0.5644153356552124,0.6811591386795044,-0.03545397147536278,0.5836148262023926,0.6227056384086609,-0.04835953563451767,0.6197168827056885,0.6143937110900879,-0.06203091889619827,0.5864078998565674,0.5491064786911011,-0.004318315535783768,0.586265504360199,0.4599451720714569,-0.020556075498461723,0.5900638699531555,0.4073466956615448,-0.03624281287193298,0.5954048037528992,0.3605589270591736,-0.04775860905647278,0.6151717901229858,0.5394097566604614,-0.009195806458592415,0.6157451272010803,0.4373057782649994,-0.02025059424340725,0.6176164150238037,0.37773871421813965,-0.038894690573215485,0.6194614171981812,0.32541999220848083,-0.05434214696288109,0.6418883204460144,0.5532580018043518,-0.019542545080184937,0.642300546169281,0.459502637386322,-0.03298619017004967,0.6412211060523987,0.40271610021591187,-0.05330061540007591,0.6396064162254333,0.35364359617233276,-0.06826500594615936,0.6696615219116211,0.5887772440910339,-0.03381292521953583,0.6710367798805237,0.5121325254440308,-0.04808444902300835,0.6693376302719116,0.4672539532184601,-0.061537083238363266,0.666831374168396,0.4279162883758545,-0.07226786762475967
b,0.6324434280395508,0.7968398928642273,3.642468271447541e-10,0.5908902883529663,0.7581537961959839,-0.02607661858201027,0.5647813081741333,0.6842870116233826,-0.03835560381412506,0.5814991593360901,0.6236199140548706,-0.05190252140164375,0.6172369122505188,0.6099623441696167,-0.06610653549432755,0.5879263281822205,0.5482890605926514,-0.0046098665334284306,0.5878223776817322,0.458992063999176,-0.0206737257540226,0.5918449759483337,0.4067983627319336,-0.03652574494481087,0.597564697265625,0.3599711060523987,-0.04823896661400795,0.6164993643760681,0.5386633276939392,-0.00849426444619894,0.6168979406356812,0.43674710392951965,-0.01957388035953045,0.6192681193351746,0.3768898844718933,-0.03890368714928627,0.6218791007995605,0.3238002359867096,-0.05479155108332634,0.6431795954704285,0.552323579788208,-0.0180301982909441,0.6437227129936218,0.4593370258808136,-0.03164315223693848,0.6427022218704224,0.40294408798217773,-0.05260482430458069,0.6414120197296143,0.35423964262008667,-0.06788739562034607,0.6708719730377197,0.5873467922210693,-0.031633324921131134,0.6722533702850342,0.5118962526321411,-0.04616996645927429,0.6701647043228149,0.4676358699798584,-0.060032449662685394,0.6675083637237549,0.42873623967170715,-0.07093692570924759
b,0.6285504698753357,0.8027976155281067,1.0151968155014401e-09,0.5838015079498291,0.7628453969955444,-0.02259400114417076,0.5552800297737122,0.6862849593162537,-0.03256852924823761,0.5713056325912476,0.6302881240844727,-0.044386573135852814,0.6091535091400146,0.6344359517097473,-0.0571773536503315,0.5863819718360901,0.5523885488510132,-0.00359985395334661,0.5878523588180542,0.46104127168655396,-0.019557399675250053,0.5920397043228149,0.40735435485839844,-0.035323385149240494,0.5979578495025635,0.36114567518234253,-0.04683012142777443,0.6163896322250366,0.5445141196250916,-0.008712079375982285,0.6179433465003967,0.4412687122821808,-0.01950862444937229,0.620288074016571,0.3805822432041168,-0.03852413222193718,0.6230495572090149,0.3288268446922302,-0.054168447852134705,0.6436000466346741,0.5591337084770203,-0.018956383690238,0.6444777250289917,0.4641159772872925,-0.031963203102350235,0.6438232660293579,0.4051949977874756,-0.052659664303064346,0.6428027749061584,0.35525718331336975,-0.06787281483411789,0.6710489988327026,0.5955636501312256,-0.033076874911785126,0.6725982427597046,0.5166598558425903,-0.04684100300073624,0.6710054874420166,0.471237450838089,-0.06012236326932907,0.6685003042221069,0.43320730328559875,-0.07077296078205109
b,0.6298827528953552,0.8023362159729004,5.400144220679692e-10,0.5855581164360046,0.7594988346099854,-0.02253788709640503,0.5583807229995728,0.6811093091964722,-0.03278680518269539,0.5758150219917297,0.6255508065223694,-0.04504968225955963,0.6122324466705322,0.628909707069397,-0.0581737644970417,0.5894410610198975,0.5475817322731018,-0.0031483813654631376,0.5903165340423584,0.4575476050376892,-0.019658803939819336,0.5946137309074402,0.40400946140289307,-0.036074936389923096,0.6006646156311035,0.35667139291763306,-0.04805617779493332,0.6195266246795654,0.5404754281044006,-0.008735002018511295,0.6203033328056335,0.4379454553127289,-0.020154420286417007,0.6228459477424622,0.37748241424560547,-0.03967967629432678,0.6259682178497314,0.3248390555381775,-0.055682290345430374,0.646429717540741,0.5566706657409668,-0.019605644047260284,0.6469737887382507,0.4634654223918915,-0.03282095491886139,0.6469454765319824,0.4056849479675293,-0.0532861053943634,0.646506667137146,0.3560280501842499,-0.06837053596973419,0.6732515096664429,0.5951979756355286,-0.0344434417784214,0.6739519238471985,0.5168775320053101,-0.04810739681124687,0.6727844476699829,0.4716321527957916,-0.06120932474732399,0.6709082126617432,0.4330710768699646,-0.07179225981235504
b,0.6337012052536011,0.7951536774635315,5.988669560252902e-10,0.5893024802207947,0.751101016998291,-0.02422877959907055,0.5629478693008423,0.6691780090332031,-0.034683823585510254,0.5826227068901062,0.6092576384544373,-0.046613939106464386,0.6193059682846069,0.605362057685852,-0.05910569056868553,0.5921400785446167,0.5410371422767639,-0.0035174002405256033,0.5922996997833252,0.45173192024230957,-0.019183073192834854,0.5963313579559326,0.399053692817688,-0.03450658172369003,0.6022207736968994,0.35141193866729736,-0.04576876014471054,0.6218386292457581,0.5330406427383423,-0.007822101935744286,0.6222577095031738,0.43186482787132263,-0.018077708780765533,0.6245096325874329,0.3725295662879944,-0.03634665533900261,0.6274104118347168,0.3195260167121887,-0.051492657512426376,0.6480762362480164,0.5488680005073547,-0.01764213666319847,0.6483805775642395,0.45818591117858887,-0.030246412381529808,0.6480582356452942,0.4010048508644104,-0.049966342747211456,0.6473512053489685,0.35111352801322937,-0.06442143768072128,0.674554705619812,0.5871739387512207,-0.03148091956973076,0.6758183240890503,0.5108071565628052,-0.044795189052820206,0.6751134991645813,0.46621185541152954,-0.057555850595235825,0.6735684871673584,0.42763200402259827,-0.06773455440998077
b,0.6332617402076721,0.7885593771934509,3.7329950242082077e-10,0.5897926092147827,0.7430629134178162,-0.02427588403224945,0.5644908547401428,0.6577063798904419,-0.034066829830408096,0.5848976373672485,0.5946102738380432,-0.0451040156185627,0.6209527254104614,0.5880686044692993,-0.056550558656454086,0.5932517647743225,0.5337973833084106,-0.0021811488550156355,0.5939076542854309,0.4447786211967468,-0.016574587672948837,0.5986918807029724,0.3927094340324402,-0.030824432149529457,0.6055552959442139,0.34533199667930603,-0.041369423270225525,0.6231419444084167,0.5255744457244873,-0.005834310315549374,0.624052107334137,0.42519742250442505,-0.014637408778071404,0.6269553303718567,0.36732861399650574,-0.03188857436180115,0.6308150887489319,0.31470659375190735,-0.046340811997652054,0.6494584679603577,0.5414538383483887,-0.015047087334096432,0.6506843566894531,0.45217928290367126,-0.02653723582625389,0.6506603360176086,0.39535579085350037,-0.04574054852128029,0.6507453918457031,0.345420777797699,-0.05984603986144066,0.6759807467460632,0.5801247954368591,-0.028239719569683075,0.6779305934906006,0.5048238635063171,-0.04079608619213104,0.6780131459236145,0.46078336238861084,-0.05321013182401657,0.6776520609855652,0.4222894608974457,-0.06306537240743637
l,0.6841711401939392,0.7761871814727783,2.738073101582472e-09,0.6288996934890747,0.7294268608093262,-0.019605854526162148,0.587986171245575,0.6562730073928833,-0.04106082767248154,0.5532515645027161,0.6047123074531555,-0.06717772036790848,0.5182844996452332,0.5762506723403931,-0.09400498867034912,0.6331735253334045,0.5436550974845886,-0.010323750786483288,0.6368505954742432,0.43492746353149414,-0.03839457780122757,0.6421062350273132,0.37121665477752686,-0.06327741593122482,0.6482574343681335,0.31478047370910645,-0.08077127486467361,0.668783962726593,0.5537535548210144,-0.021246839314699173,0.6693534255027771,0.5059848427772522,-0.06296416372060776,0.6622428894042969,0.598080039024353,-0.08052884042263031,0.6602771878242493,0.6591899394989014,-0.08307275921106339,0.7031880617141724,0.5772241353988647,-0.03613035008311272,0.6999990344047546,0.5508987307548523,-0.07097753137350082,0.6870344877243042,0.6363074779510498,-0.07582900673151016,0.6822788119316101,0.6817073822021484,-0.07167068123817444,0.7344918847084045,0.6122083067893982,-0.05565589666366577,0.7339306473731995,0.5769737362861633,-0.07385163754224777,0.7180675864219666,0.6310599446296692,-0.07566304504871368,0.7096951007843018,0.663352370262146,-0.07367677241563797
l,0.6786372065544128,0.7787303924560547,2.4645523399868807e-09,0.6229584813117981,0.7376240491867065,-0.0144367516040802,0.5815638303756714,0.6617765426635742,-0.032149236649274826,0.5505712628364563,0.6037772297859192,-0.05515536293387413,0.5180266499519348,0.5717037320137024,-0.07846271991729736,0.6170267462730408,0.5513952374458313,-0.005021377000957727,0.614483654499054,0.44225767254829407,-0.03220470994710922,0.6162813901901245,0.37988173961639404,-0.05348844453692436,0.6195986866950989,0.3255186080932617,-0.06779059022665024,0.6525183916091919,0.5558398962020874,-0.018003376200795174,0.6459311246871948,0.4819045066833496,-0.05937662348151207,0.6435157060623169,0.5672285556793213,-0.07423393428325653,0.6472591757774353,0.6261640787124634,-0.07409615069627762,0.6871863007545471,0.5733500719070435,-0.03465703874826431,0.6790212392807007,0.5362106561660767,-0.06987496465444565,0.6709579825401306,0.6255787014961243,-0.07081229239702225,0.6717209219932556,0.6731925010681152,-0.06269924342632294,0.7207320928573608,0.6043670773506165,-0.055574413388967514,0.7128085494041443,0.5651006698608398,-0.0741116851568222,0.6993885636329651,0.6210072636604309,-0.07340328395366669,0.6956766843795776,0.653886079788208,-0.06853383779525757
l,0.6773995757102966,0.7783441543579102,1.1399826638225363e-09,0.6177842617034912,0.7278612852096558,-0.013228219002485275,0.5778414011001587,0.6577885150909424,-0.02772863581776619,0.5490034818649292,0.594339907169342,-0.04754047095775604,0.5180719494819641,0.5537790060043335,-0.06671224534511566,0.6114923357963562,0.553938627243042,0.00657650176435709,0.6054360270500183,0.45784661173820496,-0.018015865236520767,0.602663516998291,0.40493834018707275,-0.036197464913129807,0.6006885766983032,0.3565524220466614,-0.048119790852069855,0.6463586688041687,0.5549529790878296,-0.00678935507312417,0.63716059923172,0.47540950775146484,-0.04838673025369644,0.634046196937561,0.5534403324127197,-0.06359921395778656,0.6376407742500305,0.6048621535301208,-0.06252996623516083,0.6806706190109253,0.570758581161499,-0.024752937257289886,0.6725641489028931,0.5328302979469299,-0.06322155147790909,0.6638641953468323,0.6201438903808594,-0.06644437462091446,0.6649507284164429,0.6579450368881226,-0.05778869614005089,0.7131409049034119,0.6043833494186401,-0.04637286812067032,0.7051355242729187,0.5636719465255737,-0.06805512309074402,0.6908007860183716,0.6192783117294312,-0.0695129781961441,0.6893324851989746,0.6484308838844299,-0.06493731588125229
l,0.6728537082672119,0.7578327655792236,1.0139892259175554e-09,0.615105390548706,0.7210187315940857,-0.02143208682537079,0.5744604468345642,0.6496872305870056,-0.03474608063697815,0.5509482622146606,0.5787779688835144,-0.04968065768480301,0.5227967500686646,0.5343612432479858,-0.06107480078935623,0.6050200462341309,0.5377066731452942,0.007256249897181988,0.6011961698532104,0.4540904760360718,-0.014494610950350761,0.5937369465827942,0.4401403069496155,-0.02356686443090439,0.5888494253158569,0.43590450286865234,-0.027395378798246384,0.639732301235199,0.5396288633346558,0.0006052933167666197,0.6258469223976135,0.4828696846961975,-0.03383558616042137,0.6262797713279724,0.5741428732872009,-0.040859270840883255,0.6333721876144409,0.5993841886520386,-0.03303343802690506,0.6719691753387451,0.551720917224884,-0.012341398745775223,0.6599519848823547,0.5101109147071838,-0.04723614081740379,0.6551127433776855,0.5945783853530884,-0.045331381261348724,0.6615458130836487,0.608086347579956,-0.032147087156772614,0.7054467797279358,0.5729467868804932,-0.029109977185726166,0.6945992708206177,0.5324575304985046,-0.04674169421195984,0.6844713091850281,0.5916053652763367,-0.04338166490197182,0.689070463180542,0.6099173426628113,-0.0341750867664814
l,0.6638891696929932,0.7513185739517212,2.066846249704213e-09,0.6093964576721191,0.7125373482704163,-0.01023432333022356,0.5705801248550415,0.6369838118553162,-0.02042972669005394,0.5491462349891663,0.5673784613609314,-0.03455481678247452,0.5221250653266907,0.5265927314758301,-0.04596422612667084,0.6036787629127502,0.5420098304748535,0.012903723865747452,0.6001164317131042,0.45816296339035034,-0.007636806927621365,0.5885196328163147,0.44276127219200134,-0.017501350492239,0.5787680149078369,0.43647217750549316,-0.022051578387618065,0.6362621188163757,0.5430102944374084,0.001256680698134005,0.6185469627380371,0.49967774748802185,-0.030978087335824966,0.6198765635490417,0.5891643166542053,-0.03799109905958176,0.6287263035774231,0.6167503595352173,-0.03119731694459915,0.6675023436546326,0.5539518594741821,-0.01513739861547947,0.6508151292800903,0.5227304697036743,-0.0454365573823452,0.6487430930137634,0.6083192825317383,-0.040691085159778595,0.6581695079803467,0.628293514251709,-0.02731938287615776,0.7008926272392273,0.570555567741394,-0.03476667031645775,0.6852446794509888,0.5338363647460938,-0.047548819333314896,0.6762002110481262,0.592985212802887,-0.04099738597869873,0.6819513440132141,0.613647997379303,-0.030800029635429382
l,0.6608985066413879,0.741959810256958,2.458624637213802e-09,0.6110199093818665,0.6992844939231873,-0.008497261442244053,0.5794656872749329,0.6119758486747742,-0.02010362781584263,0.5638808012008667,0.5389529466629028,-0.0372467003762722,0.5389003753662109,0.49243485927581787,-0.055503927171230316,0.6049385666847229,0.5461094379425049,0.004503058735281229,0.5894784331321716,0.46650058031082153,-0.018440742045640945,0.5782030820846558,0.4155922532081604,-0.03897133842110634,0.5682586431503296,0.3722829222679138,-0.052301760762929916,0.6367661952972412,0.5491406917572021,-0.007809738162904978,0.622940182685852,0.4925447106361389,-0.04347388073801994,0.6190181970596313,0.5626758337020874,-0.061736851930618286,0.6212478280067444,0.620136022567749,-0.06513774394989014,0.669306755065918,0.5591827630996704,-0.022654756903648376,0.6552137136459351,0.5226100087165833,-0.052233416587114334,0.6472899317741394,0.6001249551773071,-0.05594533309340477,0.649048924446106,0.6560655236244202,-0.05115474388003349,0.7039507627487183,0.5760544538497925,-0.04083388298749924,0.691428542137146,0.5272774696350098,-0.055908203125,0.677737832069397,0.5726065039634705,-0.05585566908121109,0.6734749674797058,0.6112638711929321,-0.05225518345832825
l,0.6665344834327698,0.7470231056213379,2.616697969415327e-09,0.6197011470794678,0.7008726596832275,-0.00857663992792368,0.5880033373832703,0.6120922565460205,-0.019805697724223137,0.5718793869018555,0.5374575257301331,-0.03617120534181595,0.5463747978210449,0.48772308230400085,-0.05363854020833969,0.6136454939842224,0.5465872883796692,0.006618963088840246,0.5973361730575562,0.4664803445339203,-0.014703524298965931,0.5875964760780334,0.415033221244812,-0.034856345504522324,0.5790084600448608,0.37207600474357605,-0.048200223594903946,0.6446537375450134,0.5477450489997864,-0.004323595203459263,0.6275137066841125,0.5127314329147339,-0.037814296782016754,0.6273747086524963,0.5912453532218933,-0.05533035844564438,0.6322169303894043,0.6487654447555542,-0.058237507939338684,0.6763049960136414,0.5581846833229065,-0.017709927633404732,0.6594893932342529,0.5383407473564148,-0.0460917130112648,0.6553184390068054,0.6186410188674927,-0.05067143961787224,0.6593976616859436,0.6698698401451111,-0.04670209065079689,0.7103033065795898,0.5762733221054077,-0.03416918218135834,0.6943560242652893,0.5443998575210571,-0.04744012653827667,0.6829569935798645,0.5977098941802979,-0.046923115849494934,0.6811109781265259,0.6354461312294006,-0.04319489002227783
l,0.6628115773200989,0.7298781275749207,2.3975914587026637e-09,0.6138583421707153,0.6910611391067505,-0.009278440847992897,0.5793818831443787,0.6059346199035645,-0.021109018474817276,0.5609901547431946,0.5350831747055054,-0.03791697323322296,0.5353876948356628,0.49210378527641296,-0.055686697363853455,0.6111732125282288,0.5292221903800964,0.002436684211716056,0.6014209389686584,0.43489110469818115,-0.018840933218598366,0.596767246723175,0.37808507680892944,-0.03815450146794319,0.5939958095550537,0.33070725202560425,-0.05115098878741264,0.6433002948760986,0.5320369601249695,-0.008464106358587742,0.6322689056396484,0.48875951766967773,-0.04175710678100586,0.6305381059646606,0.5674191117286682,-0.05701733008027077,0.6347008347511292,0.6233051419258118,-0.058354269713163376,0.675166666507721,0.544938325881958,-0.02179138734936714,0.6628111600875854,0.516634464263916,-0.04973997548222542,0.6565679907798767,0.5964868664741516,-0.05246302857995033,0.6594353914260864,0.6470444202423096,-0.04720109701156616,0.7081499695777893,0.5658277869224548,-0.03838774561882019,0.6956872344017029,0.5276544094085693,-0.05130432918667793,0.6838759183883667,0.5785861611366272,-0.05008252337574959,0.6820929050445557,0.6156415939331055,-0.0458933562040329
l,0.6662171483039856,0.7366043329238892,3.0009235096883913e-09,0.6143503189086914,0.6944353580474854,-0.011777833104133606,0.5779528617858887,0.6163400411605835,-0.02727118879556656,0.5546286106109619,0.550172746181488,-0.04786546528339386,0.5268967151641846,0.5098965764045715,-0.06909411400556564,0.6131987571716309,0.5265746712684631,-0.0027427764143794775,0.6060105562210083,0.423490434885025,-0.02770889736711979,0.6030911803245544,0.362830251455307,-0.048817332834005356,0.602243185043335,0.31059134006500244,-0.06328500807285309,0.6471245884895325,0.5309626460075378,-0.015119282528758049,0.6399344801902771,0.4770030677318573,-0.05375814810395241,0.6369476914405823,0.5624475479125977,-0.06903685629367828,0.6398670077323914,0.6201294660568237,-0.06965001672506332,0.6799589991569519,0.5469529628753662,-0.030484497547149658,0.6701441407203674,0.5135931968688965,-0.06338654458522797,0.6614744067192078,0.5978734493255615,-0.06560589373111725,0.6626397371292114,0.6450315713882446,-0.05920664593577385,0.7128666639328003,0.5742440819740295,-0.04945574328303337,0.7032510042190552,0.5341696739196777,-0.06633392721414566,0.6899349689483643,0.5875616073608398,-0.06588973850011826,0.6871635317802429,0.6214498281478882,-0.061764493584632874
l,0.6722992658615112,0.7453276515007019,2.4252382324618793e-09,0.6166009902954102,0.7023258209228516,-0.01687469519674778,0.5756207704544067,0.6297568678855896,-0.03661714121699333,0.5431942343711853,0.5784140825271606,-0.061164360493421555,0.5114803314208984,0.5501835346221924,-0.08642548322677612,0.6189929842948914,0.5229529142379761,-0.008636302314698696,0.6183561682701111,0.4203445613384247,-0.03506631404161453,0.6195462346076965,0.3603547215461731,-0.0580577552318573,0.6218565702438354,0.30777794122695923,-0.07391387969255447,0.6541335582733154,0.5296944379806519,-0.019855782389640808,0.651046872138977,0.47851061820983887,-0.05811721459031105,0.6455339789390564,0.5648665428161621,-0.07393093407154083,0.6458065509796143,0.6246652007102966,-0.07600559294223785,0.6881684064865112,0.5497785210609436,-0.03465166315436363,0.6811997294425964,0.5223057866096497,-0.0663842037320137,0.6705892086029053,0.6052789092063904,-0.06926233321428299,0.6690880060195923,0.6532315611839294,-0.06436573714017868,0.7196706533432007,0.5816470980644226,-0.05385121330618858,0.7141568064689636,0.5450925230979919,-0.07019976526498795,0.7001135945320129,0.5976641774177551,-0.07034631073474884,0.6952341794967651,0.6317548751831055,-0.06735225021839142
l,0.6761054396629333,0.7528762817382812,3.0195135281019247e-09,0.6200858950614929,0.7069975137710571,-0.016108689829707146,0.5800099968910217,0.6419227719306946,-0.03577468916773796,0.5501344799995422,0.5910190939903259,-0.06055845692753792,0.5214064717292786,0.5538467168807983,-0.08584704250097275,0.6234949231147766,0.5316815972328186,-0.003695390187203884,0.6231161952018738,0.4297599494457245,-0.028835346922278404,0.6251633763313293,0.36971837282180786,-0.05152074247598648,0.6283191442489624,0.3165063261985779,-0.0673719272017479,0.6576601266860962,0.5380716919898987,-0.015180286951363087,0.6538246870040894,0.4838941693305969,-0.05335840955376625,0.649290919303894,0.5695102214813232,-0.07015001028776169,0.650299608707428,0.6286417841911316,-0.07241343706846237,0.6907361745834351,0.5566467642784119,-0.030375536531209946,0.6832325458526611,0.5238530039787292,-0.0626928061246872,0.6739696860313416,0.6078336834907532,-0.06675244867801666,0.6735751032829285,0.6548169851303101,-0.062160883098840714,0.7220706939697266,0.5876048803329468,-0.04966625198721886,0.7169095277786255,0.5432885885238647,-0.06644617766141891,0.7036765813827515,0.5953471660614014,-0.06715822219848633,0.6992738842964172,0.6307311058044434,-0.06436659395694733
l,0.6712718605995178,0.7394261360168457,2.8624453918268955e-09,0.6125876903533936,0.6877362132072449,-0.00865946989506483,0.5748588442802429,0.630103588104248,-0.02073303796350956,0.5521652698516846,0.5699458718299866,-0.03811442852020264,0.5316639542579651,0.5187277793884277,-0.0553835965692997,0.6204917430877686,0.5285480618476868,0.014980215579271317,0.6202054619789124,0.4399680495262146,-0.0005665131029672921,0.6207049489021301,0.3903846740722656,-0.01581323705613613,0.6211049556732178,0.34728461503982544,-0.02643231861293316,0.6513553857803345,0.5320560336112976,0.0041061523370444775,0.6454653143882751,0.4840792417526245,-0.025726132094860077,0.6449929475784302,0.5707394480705261,-0.0384681299328804,0.6486091017723083,0.6275627613067627,-0.03708639740943909,0.682218074798584,0.5457108020782471,-0.010231793858110905,0.6744628548622131,0.50913405418396,-0.03661377355456352,0.6696242094039917,0.587233304977417,-0.040297821164131165,0.6716570258140564,0.6270917654037476,-0.034786876291036606,0.713224470615387,0.5723000168800354,-0.027315618470311165,0.7089666128158569,0.5193779468536377,-0.03976339101791382,0.6997926235198975,0.5665479302406311,-0.039870720356702805,0.698488712310791,0.5993471145629883,-0.03614862635731697
l,0.6708548069000244,0.7424370050430298,2.45344788929458e-09,0.6088752150535583,0.6863481402397156,-0.006934155244380236,0.5715892910957336,0.6315361857414246,-0.01705603301525116,0.5487952828407288,0.570775032043457,-0.032823290675878525,0.527549147605896,0.518979012966156,-0.04803592711687088,0.6161825656890869,0.524040937423706,0.022671369835734367,0.6146947145462036,0.4424411356449127,0.008342445828020573,0.6128625273704529,0.39747190475463867,-0.00518190348520875,0.6107733249664307,0.3574993312358856,-0.014334132894873619,0.6467553377151489,0.5249595642089844,0.010825490579009056,0.6395817399024963,0.47026801109313965,-0.01866261102259159,0.6394307613372803,0.5589959621429443,-0.030541691929101944,0.643791913986206,0.6142932176589966,-0.02782866545021534,0.677579402923584,0.5372485518455505,-0.005020092707127333,0.6686704158782959,0.4969816207885742,-0.03227085620164871,0.6640937328338623,0.5771762132644653,-0.03570499271154404,0.6671727895736694,0.6133303642272949,-0.02912045828998089,0.7088074088096619,0.5654100179672241,-0.023463821038603783,0.7030473351478577,0.5105438232421875,-0.03663027659058571,0.6928545832633972,0.5594637393951416,-0.036769717931747437,0.6925964951515198,0.590878963470459,-0.03254558518528938
l,0.6617543697357178,0.7411368489265442,1.5499890260173288e-09,0.6036608815193176,0.6966304779052734,-0.011857820674777031,0.5644100308418274,0.6382817029953003,-0.023614050820469856,0.5452796816825867,0.5751450061798096,-0.038940008729696274,0.5302518010139465,0.52473384141922,-0.05253083258867264,0.611405611038208,0.5295673608779907,0.010532456450164318,0.6155701875686646,0.44905737042427063,-0.0065659391693770885,0.6085829734802246,0.41686123609542847,-0.017029037699103355,0.6018485426902771,0.39264219999313354,-0.023155299946665764,0.6419548392295837,0.5333764553070068,0.000741556053981185,0.6311705708503723,0.4795653820037842,-0.02972779981791973,0.6261454224586487,0.5641661882400513,-0.037692662328481674,0.6312105655670166,0.6037152409553528,-0.032316770404577255,0.6715106964111328,0.5492901802062988,-0.013340833596885204,0.6595994234085083,0.5171270370483398,-0.042095769196748734,0.6527481079101562,0.5963425040245056,-0.041408341377973557,0.6586328148841858,0.6194357872009277,-0.03144446387887001,0.702383279800415,0.5768760442733765,-0.03026782162487507,0.6930497288703918,0.5365951061248779,-0.04458687826991081,0.6805077195167542,0.5881659388542175,-0.04240783676505089,0.6826099157333374,0.609485924243927,-0.03570402041077614
l,0.6920665502548218,0.7475157976150513,3.4237146451232547e-09,0.6403944492340088,0.7152579426765442,-0.015747670084238052,0.599726140499115,0.6424784660339355,-0.03116290085017681,0.5782037973403931,0.5797731876373291,-0.05059441551566124,0.5591517090797424,0.5368006825447083,-0.07134360074996948,0.638690710067749,0.5495648980140686,-0.0051870690658688545,0.6365225315093994,0.45608389377593994,-0.026436973363161087,0.6368087530136108,0.40113821625709534,-0.0466761477291584,0.6380331516265869,0.3548473119735718,-0.06074220687150955,0.6723954081535339,0.554277241230011,-0.013215294107794762,0.6728599667549133,0.5170966386795044,-0.04528427496552467,0.6714160442352295,0.5925898551940918,-0.06117909774184227,0.6727631688117981,0.6490525007247925,-0.06432008743286133,0.7052583694458008,0.5701233148574829,-0.024117885157465935,0.7026981115341187,0.5483930110931396,-0.05122048407793045,0.6959733963012695,0.6230056285858154,-0.05633706599473953,0.6942633390426636,0.6713272929191589,-0.05390181764960289,0.7373844385147095,0.5926502346992493,-0.03878409415483475,0.7337513566017151,0.5630086064338684,-0.05250328779220581,0.7235807180404663,0.6130774021148682,-0.053592123091220856,0.7185755968093872,0.6483721137046814,-0.05175944045186043
l,0.7590479850769043,0.751166582107544,3.539737614133287e-09,0.69948810338974,0.7167161703109741,-0.020129723474383354,0.6566882133483887,0.6613603830337524,-0.03725400194525719,0.6284921169281006,0.6051568984985352,-0.05871473625302315,0.6026415824890137,0.5586189031600952,-0.0800761878490448,0.6915950775146484,0.5381230115890503,0.007105325348675251,0.6877273321151733,0.44364893436431885,-0.013366436585783958,0.6909975409507751,0.3873920738697052,-0.03272754326462746,0.6947428584098816,0.3398117423057556,-0.04660613834857941,0.7258366346359253,0.5386314988136292,-0.0010073905577883124,0.7341852784156799,0.4791601300239563,-0.035879138857126236,0.7348750829696655,0.5596872568130493,-0.05320695415139198,0.7330498695373535,0.6147517561912537,-0.05540372431278229,0.7592458724975586,0.5523440837860107,-0.014158050529658794,0.7652691602706909,0.5180844068527222,-0.04683198779821396,0.7607066035270691,0.6050456166267395,-0.05519504472613335,0.7554988861083984,0.646462619304657,-0.05220380425453186,0.7908150553703308,0.581048846244812,-0.03135337308049202,0.7956812381744385,0.5384642481803894,-0.04986485093832016,0.787987470626831,0.5946809649467468,-0.05410909652709961,0.7817320823669434,0.6283668279647827,-0.05286433920264244
l,0.7243846654891968,0.742296576499939,5.0306807608535564e-09,0.6692723631858826,0.6989877820014954,-0.02242235094308853,0.6308680176734924,0.6457110643386841,-0.04386966675519943,0.6038771867752075,0.5937253832817078,-0.06905144453048706,0.5796124935150146,0.5457748770713806,-0.09436054527759552,0.6744287610054016,0.5073493719100952,-0.002993879374116659,0.674789547920227,0.40422213077545166,-0.02415483258664608,0.679590106010437,0.3435334861278534,-0.04428442195057869,0.684538722038269,0.29547378420829773,-0.058868974447250366,0.7074916958808899,0.5136628746986389,-0.010173745453357697,0.7170964479446411,0.4630989730358124,-0.04461926594376564,0.7162516117095947,0.5498018264770508,-0.0601731538772583,0.7122801542282104,0.609340488910675,-0.06123242899775505,0.7384160757064819,0.5333192944526672,-0.021741893142461777,0.7463935017585754,0.49979135394096375,-0.05233098939061165,0.7390389442443848,0.5820171236991882,-0.058994192630052567,0.7309212684631348,0.6257846355438232,-0.055791158229112625,0.7656472325325012,0.5680109858512878,-0.037321433424949646,0.7751479148864746,0.5259280204772949,-0.05320890247821808,0.7659263610839844,0.5781381130218506,-0.05596552789211273,0.7560727596282959,0.6135931015014648,-0.054221950471401215
l,0.7596669793128967,0.721874475479126,2.7375750555336253e-09,0.7054432034492493,0.7025344967842102,-0.03894495591521263,0.6648571491241455,0.6646450757980347,-0.06726894527673721,0.6311944723129272,0.6250414252281189,-0.09535547345876694,0.6015064120292664,0.5870743989944458,-0.12342103570699692,0.6829932332038879,0.49608704447746277,-0.025698725134134293,0.6741870045661926,0.3893619477748871,-0.05292455479502678,0.6763822436332703,0.31959420442581177,-0.07664833962917328,0.680308997631073,0.26343581080436707,-0.09331066906452179,0.7187177538871765,0.492958664894104,-0.02483871392905712,0.7332353591918945,0.430186927318573,-0.06531856209039688,0.7413520216941833,0.5217251181602478,-0.08183728158473969,0.7399343848228455,0.5864615440368652,-0.08317211270332336,0.7537092566490173,0.503337025642395,-0.029346313327550888,0.7673306465148926,0.46478790044784546,-0.06594294309616089,0.7656641006469727,0.5534485578536987,-0.07509873062372208,0.7549920082092285,0.6028965711593628,-0.07285603135824203,0.7841507792472839,0.5298675298690796,-0.039067573845386505,0.7930872440338135,0.4888220429420471,-0.059701841324567795,0.7893665432929993,0.5426440238952637,-0.06624896079301834,0.7788196802139282,0.5785762667655945,-0.06696634739637375
l,0.7542507648468018,0.7096539735794067,3.848597884825722e-09,0.6975110173225403,0.6890698671340942,-0.030400309711694717,0.6528452038764954,0.6436424255371094,-0.05679577961564064,0.6175829172134399,0.596411943435669,-0.08520351350307465,0.5858773589134216,0.5588051676750183,-0.11358459293842316,0.6789441108703613,0.4873173236846924,-0.02008211985230446,0.6723449230194092,0.38287922739982605,-0.048295196145772934,0.6742563247680664,0.3145550489425659,-0.07300090044736862,0.6781890988349915,0.2557166814804077,-0.09074478596448898,0.7150705456733704,0.48270776867866516,-0.025362156331539154,0.7288534045219421,0.43279147148132324,-0.06715717911720276,0.7340766191482544,0.5276973247528076,-0.08495164662599564,0.7326540350914001,0.5877048969268799,-0.08783264458179474,0.7510219812393188,0.49330854415893555,-0.035301584750413895,0.7634707093238831,0.46736475825309753,-0.07173357158899307,0.7595269680023193,0.5579606890678406,-0.0798453688621521,0.7496117353439331,0.6033092737197876,-0.0777278020977974,0.7835628986358643,0.5196377635002136,-0.05006198585033417,0.7938216328620911,0.4832587242126465,-0.06984259933233261,0.7879161834716797,0.5392860770225525,-0.07503686845302582,0.7770431041717529,0.5728732943534851,-0.0754580870270729
l,0.73078852891922,0.7277032732963562,4.177209689260053e-09,0.6647578477859497,0.6819656491279602,-0.02072928100824356,0.6218981146812439,0.6325652599334717,-0.04071531072258949,0.5886707901954651,0.5787935853004456,-0.06483868509531021,0.55780029296875,0.5307936668395996,-0.08872833847999573,0.6613377332687378,0.4942200779914856,0.0030004973523318768,0.6582334041595459,0.38911008834838867,-0.01927165873348713,0.6593934297561646,0.3244098424911499,-0.04079536721110344,0.662172257900238,0.26663127541542053,-0.05661603435873985,0.6980770230293274,0.4972333610057831,-0.0059008514508605,0.7033628821372986,0.43867191672325134,-0.045224010944366455,0.701733410358429,0.5349203944206238,-0.0632772371172905,0.7006893157958984,0.5970837473869324,-0.06481388211250305,0.7334482073783875,0.5128753781318665,-0.019490309059619904,0.7367328405380249,0.47865527868270874,-0.05535854026675224,0.7288670539855957,0.5698584318161011,-0.06412914395332336,0.722497284412384,0.6105036735534668,-0.06078394129872322,0.7659429907798767,0.5453385710716248,-0.03690529242157936,0.7701790928840637,0.4956720471382141,-0.056717559695243835,0.7600728273391724,0.5526312589645386,-0.061525311321020126,0.7524725198745728,0.5870271921157837,-0.060640525072813034
l,0.7218784689903259,0.721383810043335,3.977743912031428e-09,0.6578993201255798,0.6765341758728027,-0.017571158707141876,0.6143584847450256,0.6194207072257996,-0.036885738372802734,0.5826570391654968,0.5647836923599243,-0.061089642345905304,0.5522847771644592,0.5220154523849487,-0.08542203158140182,0.6577709913253784,0.495671808719635,0.000612017116509378,0.6555349826812744,0.3917675316333771,-0.02349257282912731,0.6554840803146362,0.329429566860199,-0.04620257019996643,0.6568352580070496,0.27336737513542175,-0.06259164959192276,0.6945909857749939,0.49958962202072144,-0.010330128483474255,0.6948779821395874,0.44520264863967896,-0.04999428987503052,0.6918302774429321,0.538070559501648,-0.06830756366252899,0.6922093033790588,0.5982974767684937,-0.0708446279168129,0.7301262617111206,0.5160817503929138,-0.025356601923704147,0.7271378636360168,0.48590463399887085,-0.06002826988697052,0.7188243269920349,0.5733563303947449,-0.06674304604530334,0.7166978120803833,0.6162953972816467,-0.06303741782903671,0.7635091543197632,0.546945333480835,-0.04432518780231476,0.7620543241500854,0.5047740340232849,-0.0629749670624733,0.7499199509620667,0.5602152943611145,-0.06584158539772034,0.7445484399795532,0.5941343903541565,-0.06407631933689117
l,0.6971920728683472,0.7256074547767639,2.325019732296596e-09,0.6410860419273376,0.6854262351989746,-0.00680546322837472,0.598322868347168,0.6200347542762756,-0.022689390927553177,0.5717470645904541,0.5634174346923828,-0.045234132558107376,0.5482132434844971,0.5204746723175049,-0.06830241531133652,0.6447276473045349,0.5030981302261353,0.0025689867325127125,0.6387796401977539,0.4015212059020996,-0.020530901849269867,0.6347755193710327,0.34189826250076294,-0.04105385020375252,0.632732093334198,0.2897692322731018,-0.05518113449215889,0.6781752109527588,0.506611704826355,-0.012996465899050236,0.6619773507118225,0.45303434133529663,-0.04943765327334404,0.657352089881897,0.5414693355560303,-0.06347263604402542,0.6633872985839844,0.6027705073356628,-0.06353279203176498,0.7114548683166504,0.5223200917243958,-0.031229158863425255,0.692445695400238,0.4880450963973999,-0.06128788739442825,0.6856725811958313,0.5760443806648254,-0.0613844059407711,0.6920940279960632,0.6261045932769775,-0.05415645241737366,0.7459725141525269,0.5493820309638977,-0.05282692611217499,0.7287386655807495,0.5051006078720093,-0.06738033890724182,0.7144159078598022,0.5586560964584351,-0.06484834849834442,0.7146503925323486,0.5953319668769836,-0.05969993397593498
l,0.6827893853187561,0.7354594469070435,2.9789899436138967e-09,0.6259797811508179,0.6989656090736389,0.001139156287536025,0.5834610462188721,0.6413620114326477,-0.010158179327845573,0.5570384860038757,0.5899065136909485,-0.029524624347686768,0.5355484485626221,0.5511050820350647,-0.049277786165475845,0.626535177230835,0.5199542045593262,0.016383841633796692,0.618736207485199,0.4196350574493408,-0.003231009701266885,0.6127743721008301,0.3631380796432495,-0.021428363397717476,0.6087252497673035,0.31360429525375366,-0.03400051221251488,0.656914234161377,0.5191891193389893,-0.0020405459217727184,0.634029746055603,0.47123655676841736,-0.03563576191663742,0.6326020359992981,0.5615402460098267,-0.048205651342868805,0.6415392756462097,0.6182226538658142,-0.04666093364357948,0.6880627274513245,0.5299253463745117,-0.02308601886034012,0.6624807119369507,0.49569088220596313,-0.05152058228850365,0.6609878540039062,0.5855389833450317,-0.05078030377626419,0.6720335483551025,0.6306788325309753,-0.042487431317567825,0.721386730670929,0.551077127456665,-0.0466887541115284,0.699156641960144,0.5072744488716125,-0.059421949088573456,0.688145637512207,0.5649802088737488,-0.05549919232726097,0.6923006772994995,0.6007450222969055,-0.04918927699327469
l,0.6731278300285339,0.7296284437179565,2.6009920883751647e-09,0.6213453412055969,0.6910356283187866,0.005015708971768618,0.5821759104728699,0.6309568881988525,-0.005152071826159954,0.5560764074325562,0.581670343875885,-0.023742688819766045,0.5354102849960327,0.5453906655311584,-0.04276306927204132,0.627472996711731,0.5194000601768494,0.01563328690826893,0.6192342042922974,0.4156007468700409,-0.0030134469270706177,0.6115314960479736,0.36087918281555176,-0.019611690193414688,0.6053999066352844,0.3131644129753113,-0.03100937232375145,0.6551037430763245,0.5206094980239868,-0.0039029119070619345,0.6271700859069824,0.47757768630981445,-0.03542434051632881,0.6254515051841736,0.5649117827415466,-0.045730821788311005,0.6344718933105469,0.6172904968261719,-0.04308801516890526,0.6846140623092651,0.5324934124946594,-0.025393500924110413,0.6540346741676331,0.5009920001029968,-0.05114179104566574,0.6535375714302063,0.5873701572418213,-0.04801212623715401,0.6654453873634338,0.6304818391799927,-0.038802944123744965,0.716151237487793,0.5529018044471741,-0.04909514635801315,0.6913448572158813,0.5092450976371765,-0.05948466435074806,0.679865837097168,0.5641435980796814,-0.053774118423461914,0.6840958595275879,0.5986425876617432,-0.04658897593617439
l,0.6986097097396851,0.7343651056289673,3.930181957656487e-09,0.641048789024353,0.7199535369873047,-0.016742201521992683,0.5886163115501404,0.6652975678443909,-0.03673830255866051,0.5519052147865295,0.6208094954490662,-0.06120063737034798,0.5175657272338867,0.5996363759040833,-0.08660710602998734,0.6180565357208252,0.5320831537246704,-0.013607640750706196,0.6061997413635254,0.4265892803668976,-0.04138750582933426,0.6006914377212524,0.36448460817337036,-0.0649227499961853,0.5977603197097778,0.3101423978805542,-0.08096440881490707,0.6542090773582458,0.524051308631897,-0.0246550515294075,0.6443683505058289,0.4781171977519989,-0.0645434707403183,0.6508346199989319,0.5680047273635864,-0.07938604056835175,0.6608572006225586,0.6245534420013428,-0.08019955456256866,0.6907472610473633,0.5292279124259949,-0.03872736915946007,0.6799054741859436,0.5014709234237671,-0.07141979783773422,0.6799643039703369,0.5883597135543823,-0.07240349799394608,0.6860530376434326,0.6355014443397522,-0.06603629142045975,0.7277629375457764,0.5449831485748291,-0.057145822793245316,0.7164691686630249,0.5115869045257568,-0.07309940457344055,0.7087942957878113,0.571536660194397,-0.07157360017299652,0.7088029980659485,0.6075477004051208,-0.06730405986309052
l,0.7203398942947388,0.7407597303390503,4.4272816523971414e-09,0.6649632453918457,0.7401565909385681,-0.022343281656503677,0.6083589792251587,0.6928810477256775,-0.04441981390118599,0.5650411248207092,0.6593871712684631,-0.07025300711393356,0.5294801592826843,0.6484476327896118,-0.09697501361370087,0.631181001663208,0.5476268529891968,-0.015788042917847633,0.6157920956611633,0.4404628276824951,-0.042649880051612854,0.608715295791626,0.37600940465927124,-0.06709296256303787,0.6041480898857117,0.3192286193370819,-0.08432174474000931,0.6666889190673828,0.5353397727012634,-0.02390294522047043,0.670305609703064,0.4985537528991699,-0.06096304580569267,0.6797358989715576,0.587713360786438,-0.07695361971855164,0.6855281591415405,0.642061173915863,-0.07983990758657455,0.7039075493812561,0.5356453657150269,-0.03554849326610565,0.7073462605476379,0.5165213346481323,-0.0651545375585556,0.7107423543930054,0.6031326055526733,-0.06861259788274765,0.711275577545166,0.6500125527381897,-0.06513587385416031,0.7401363253593445,0.542624831199646,-0.052194993942976,0.7407243847846985,0.5178059339523315,-0.065549336373806,0.7385807037353516,0.5806145071983337,-0.06538230180740356,0.735445499420166,0.616364061832428,-0.06307420879602432
l,0.7476999163627625,0.6993000507354736,3.2465214960808453e-09,0.6941350102424622,0.7020907998085022,-0.037645380944013596,0.6446847319602966,0.6746230721473694,-0.06631255894899368,0.6044126749038696,0.6479174494743347,-0.09573997557163239,0.570000946521759,0.6307099461555481,-0.12544327974319458,0.6589801907539368,0.5044811367988586,-0.025920527055859566,0.6429563164710999,0.4035581946372986,-0.05527079850435257,0.6365887522697449,0.3367456793785095,-0.08294928073883057,0.6338390111923218,0.27766722440719604,-0.10284015536308289,0.6940292716026306,0.48901742696762085,-0.02715001255273819,0.7049477696418762,0.4509819746017456,-0.06909362971782684,0.7152438163757324,0.5428619384765625,-0.0897836983203888,0.7177124619483948,0.6012919545173645,-0.0951613336801529,0.7297660708427429,0.4880019426345825,-0.03338596969842911,0.7416568994522095,0.46960538625717163,-0.06906820833683014,0.7436671257019043,0.5582693219184875,-0.0799001157283783,0.7371164560317993,0.6050692796707153,-0.08030758053064346,0.7629642486572266,0.5002367496490479,-0.04522417113184929,0.7704215049743652,0.4719109535217285,-0.06410746276378632,0.7693114876747131,0.53052818775177,-0.07056764513254166,0.7618665099143982,0.5656874775886536,-0.0724915936589241
l,0.7551316022872925,0.6934579610824585,3.5809646359297176e-09,0.7064720392227173,0.6960784196853638,-0.04102013632655144,0.6605039834976196,0.6661055684089661,-0.07112035900354385,0.6199380159378052,0.6451178193092346,-0.10108968615531921,0.5843992233276367,0.6395338177680969,-0.1316414773464203,0.6691062450408936,0.4910457134246826,-0.0323052853345871,0.6536051630973816,0.38823503255844116,-0.06251895427703857,0.6481806039810181,0.31954920291900635,-0.0908709242939949,0.6460912823677063,0.26104170083999634,-0.11112744361162186,0.702451765537262,0.47679078578948975,-0.03167542442679405,0.7177225947380066,0.43173712491989136,-0.07315383851528168,0.7290216088294983,0.5197352766990662,-0.09351605176925659,0.7305048108100891,0.5816901922225952,-0.09925875812768936,0.7371297478675842,0.47804734110832214,-0.03611936420202255,0.7530664205551147,0.4526117444038391,-0.07123233377933502,0.755825400352478,0.5386887192726135,-0.08212177455425262,0.7481954097747803,0.5910511016845703,-0.08309806883335114,0.7682573795318604,0.49248412251472473,-0.04651511088013649,0.7795060276985168,0.45893311500549316,-0.06546644866466522,0.7780224084854126,0.5142834782600403,-0.07251962274312973,0.7683495283126831,0.5526430010795593,-0.07516072690486908
l,0.762962818145752,0.7026283740997314,4.639300055231388e-09,0.7214167714118958,0.7025847434997559,-0.05661169812083244,0.6877321004867554,0.6866259574890137,-0.09317592531442642,0.654122531414032,0.6707592606544495,-0.12490510940551758,0.6225649118423462,0.6599748134613037,-0.15557658672332764,0.6920820474624634,0.49503955245018005,-0.048997778445482254,0.6814666986465454,0.3907761871814728,-0.0795697271823883,0.6763901114463806,0.31888461112976074,-0.10606802254915237,0.6744377017021179,0.2607423663139343,-0.1250878870487213,0.7227069735527039,0.48406097292900085,-0.03990370035171509,0.7483006715774536,0.4315178096294403,-0.08072225004434586,0.7562722563743591,0.5146218538284302,-0.09777745604515076,0.7512145042419434,0.5669561624526978,-0.10107062757015228,0.7516769766807556,0.4859781265258789,-0.037078119814395905,0.7771409749984741,0.4491506814956665,-0.07425600290298462,0.7767896056175232,0.5240625739097595,-0.08740075677633286,0.7638404965400696,0.5644151568412781,-0.08920925855636597,0.7758646011352539,0.5027680993080139,-0.04049980640411377,0.7956886291503906,0.46488624811172485,-0.061507534235715866,0.7947894930839539,0.5091252326965332,-0.07163532823324203,0.7837486863136292,0.540384829044342,-0.07620403170585632
